file,line,type,commit,author,date,time,timezone,datetime,depth,length
style.css,1,css,cd660e1e,Haowen Zhang,2026-04-15,11:59:43,-07:00,2026-04-15T11:59:43-07:00,0,4
style.css,2,css,cd660e1e,Haowen Zhang,2026-04-15,11:59:43,-07:00,2026-04-15T11:59:43-07:00,1,21
style.css,3,css,8de9ec68,Haowen Zhang,2026-04-09,21:44:57,-07:00,2026-04-09T21:44:57-07:00,0,0
style.css,4,css,7f8908d2,Haowen Zhang,2026-04-09,16:16:11,-07:00,2026-04-09T16:16:11-07:00,0,0
style.css,5,css,e884b503,Haowen Zhang,2026-04-15,11:24:07,-07:00,2026-04-15T11:24:07-07:00,0,4
style.css,6,css,e884b503,Haowen Zhang,2026-04-15,11:24:07,-07:00,2026-04-15T11:24:07-07:00,1,23
style.css,7,css,e884b503,Haowen Zhang,2026-04-15,11:24:07,-07:00,2026-04-15T11:24:07-07:00,0,0
style.css,8,css,e884b503,Haowen Zhang,2026-04-15,11:24:07,-07:00,2026-04-15T11:24:07-07:00,0,0
style.css,9,css,397e6202,Haowen Zhang,2026-04-15,11:56:08,-07:00,2026-04-15T11:56:08-07:00,0,4
style.css,10,css,397e6202,Haowen Zhang,2026-04-15,11:56:08,-07:00,2026-04-15T11:56:08-07:00,1,23
style.css,11,css,397e6202,Haowen Zhang,2026-04-15,11:56:08,-07:00,2026-04-15T11:56:08-07:00,1,15
style.css,12,css,397e6202,Haowen Zhang,2026-04-15,11:56:08,-07:00,2026-04-15T11:56:08-07:00,1,13
style.css,13,css,397e6202,Haowen Zhang,2026-04-15,11:56:08,-07:00,2026-04-15T11:56:08-07:00,1,14
style.css,14,css,397e6202,Haowen Zhang,2026-04-15,11:56:08,-07:00,2026-04-15T11:56:08-07:00,0,0
style.css,15,css,7fdb7790,Haowen Zhang,2026-04-15,11:51:44,-07:00,2026-04-15T11:51:44-07:00,0,0
style.css,16,css,7d12300c,Haowen Zhang,2026-04-15,12:07:19,-07:00,2026-04-15T12:07:19-07:00,0,13
style.css,17,css,7d12300c,Haowen Zhang,2026-04-15,12:07:19,-07:00,2026-04-15T12:07:19-07:00,1,17
style.css,18,css,7d12300c,Haowen Zhang,2026-04-15,12:07:19,-07:00,2026-04-15T12:07:19-07:00,1,8
style.css,19,css,7d12300c,Haowen Zhang,2026-04-15,12:07:19,-07:00,2026-04-15T12:07:19-07:00,1,10
style.css,20,css,7d12300c,Haowen Zhang,2026-04-15,12:07:19,-07:00,2026-04-15T12:07:19-07:00,0,0
style.css,21,css,7d12300c,Haowen Zhang,2026-04-15,12:07:19,-07:00,2026-04-15T12:07:19-07:00,1,12
style.css,22,css,7d12300c,Haowen Zhang,2026-04-15,12:07:19,-07:00,2026-04-15T12:07:19-07:00,1,18
style.css,23,css,7d12300c,Haowen Zhang,2026-04-15,12:07:19,-07:00,2026-04-15T12:07:19-07:00,1,9
style.css,24,css,7d12300c,Haowen Zhang,2026-04-15,12:07:19,-07:00,2026-04-15T12:07:19-07:00,0,0
style.css,25,css,e221a459,Haowen Zhang,2026-04-15,12:30:38,-07:00,2026-04-15T12:30:38-07:00,1,16
style.css,26,css,7d12300c,Haowen Zhang,2026-04-15,12:07:19,-07:00,2026-04-15T12:07:19-07:00,0,0
style.css,27,css,7d12300c,Haowen Zhang,2026-04-15,12:07:19,-07:00,2026-04-15T12:07:19-07:00,0,0
style.css,28,css,7d12300c,Haowen Zhang,2026-04-15,12:07:19,-07:00,2026-04-15T12:07:19-07:00,0,20
style.css,29,css,7d12300c,Haowen Zhang,2026-04-15,12:07:19,-07:00,2026-04-15T12:07:19-07:00,1,12
style.css,30,css,7d12300c,Haowen Zhang,2026-04-15,12:07:19,-07:00,2026-04-15T12:07:19-07:00,1,19
style.css,31,css,7d12300c,Haowen Zhang,2026-04-15,12:07:19,-07:00,2026-04-15T12:07:19-07:00,1,17
style.css,32,css,7d12300c,Haowen Zhang,2026-04-15,12:07:19,-07:00,2026-04-15T12:07:19-07:00,1,60
style.css,33,css,7d12300c,Haowen Zhang,2026-04-15,12:07:19,-07:00,2026-04-15T12:07:19-07:00,1,23
style.css,34,css,7d12300c,Haowen Zhang,2026-04-15,12:07:19,-07:00,2026-04-15T12:07:19-07:00,1,16
style.css,35,css,7d12300c,Haowen Zhang,2026-04-15,12:07:19,-07:00,2026-04-15T12:07:19-07:00,0,0
style.css,36,css,7fdb7790,Haowen Zhang,2026-04-15,11:51:44,-07:00,2026-04-15T11:51:44-07:00,0,0
style.css,37,css,7fdb7790,Haowen Zhang,2026-04-15,11:51:44,-07:00,2026-04-15T11:51:44-07:00,0,0
style.css,38,css,24cf6cd7,Haowen Zhang,2026-04-09,22:19:59,-07:00,2026-04-09T22:19:59-07:00,0,4
style.css,39,css,24cf6cd7,Haowen Zhang,2026-04-09,22:19:59,-07:00,2026-04-09T22:19:59-07:00,0,7
style.css,40,css,24cf6cd7,Haowen Zhang,2026-04-09,22:19:59,-07:00,2026-04-09T22:19:59-07:00,0,6
style.css,41,css,24cf6cd7,Haowen Zhang,2026-04-09,22:19:59,-07:00,2026-04-09T22:19:59-07:00,1,12
style.css,42,css,24cf6cd7,Haowen Zhang,2026-04-09,22:19:59,-07:00,2026-04-09T22:19:59-07:00,1,13
style.css,43,css,24cf6cd7,Haowen Zhang,2026-04-09,22:19:59,-07:00,2026-04-09T22:19:59-07:00,0,0
style.css,44,css,24cf6cd7,Haowen Zhang,2026-04-09,22:19:59,-07:00,2026-04-09T22:19:59-07:00,0,0
style.css,45,css,56422af8,Haowen Zhang,2026-04-09,22:41:35,-07:00,2026-04-09T22:41:35-07:00,0,4
style.css,46,css,56422af8,Haowen Zhang,2026-04-09,22:41:35,-07:00,2026-04-09T22:41:35-07:00,1,12
style.css,47,css,56422af8,Haowen Zhang,2026-04-09,22:41:35,-07:00,2026-04-09T22:41:35-07:00,1,30
style.css,48,css,56422af8,Haowen Zhang,2026-04-09,22:41:35,-07:00,2026-04-09T22:41:35-07:00,1,7
style.css,49,css,56422af8,Haowen Zhang,2026-04-09,22:41:35,-07:00,2026-04-09T22:41:35-07:00,0,0
style.css,50,css,56422af8,Haowen Zhang,2026-04-09,22:41:35,-07:00,2026-04-09T22:41:35-07:00,0,0
style.css,51,css,cd660e1e,Haowen Zhang,2026-04-15,11:59:43,-07:00,2026-04-15T11:59:43-07:00,0,4
style.css,52,css,cd660e1e,Haowen Zhang,2026-04-15,11:59:43,-07:00,2026-04-15T11:59:43-07:00,1,15
style.css,53,css,56422af8,Haowen Zhang,2026-04-09,22:41:35,-07:00,2026-04-09T22:41:35-07:00,0,0
style.css,54,css,56422af8,Haowen Zhang,2026-04-09,22:41:35,-07:00,2026-04-09T22:41:35-07:00,0,0
style.css,55,css,24cf6cd7,Haowen Zhang,2026-04-09,22:19:59,-07:00,2026-04-09T22:19:59-07:00,0,4
style.css,56,css,24cf6cd7,Haowen Zhang,2026-04-09,22:19:59,-07:00,2026-04-09T22:19:59-07:00,0,8
style.css,57,css,24cf6cd7,Haowen Zhang,2026-04-09,22:19:59,-07:00,2026-04-09T22:19:59-07:00,1,10
style.css,58,css,24cf6cd7,Haowen Zhang,2026-04-09,22:19:59,-07:00,2026-04-09T22:19:59-07:00,1,21
style.css,59,css,24cf6cd7,Haowen Zhang,2026-04-09,22:19:59,-07:00,2026-04-09T22:19:59-07:00,0,0
style.css,60,css,24cf6cd7,Haowen Zhang,2026-04-09,22:19:59,-07:00,2026-04-09T22:19:59-07:00,0,0
style.css,61,css,56422af8,Haowen Zhang,2026-04-09,22:41:35,-07:00,2026-04-09T22:41:35-07:00,0,7
style.css,62,css,56422af8,Haowen Zhang,2026-04-09,22:41:35,-07:00,2026-04-09T22:41:35-07:00,0,6
style.css,63,css,56422af8,Haowen Zhang,2026-04-09,22:41:35,-07:00,2026-04-09T22:41:35-07:00,1,18
style.css,64,css,56422af8,Haowen Zhang,2026-04-09,22:41:35,-07:00,2026-04-09T22:41:35-07:00,0,0
style.css,65,css,56422af8,Haowen Zhang,2026-04-09,22:41:35,-07:00,2026-04-09T22:41:35-07:00,0,0
style.css,66,css,cd660e1e,Haowen Zhang,2026-04-15,11:59:43,-07:00,2026-04-15T11:59:43-07:00,0,5
style.css,67,css,cd660e1e,Haowen Zhang,2026-04-15,11:59:43,-07:00,2026-04-15T11:59:43-07:00,1,16
style.css,68,css,cd660e1e,Haowen Zhang,2026-04-15,11:59:43,-07:00,2026-04-15T11:59:43-07:00,1,15
style.css,69,css,cd660e1e,Haowen Zhang,2026-04-15,11:59:43,-07:00,2026-04-15T11:59:43-07:00,1,17
style.css,70,css,cd660e1e,Haowen Zhang,2026-04-15,11:59:43,-07:00,2026-04-15T11:59:43-07:00,0,0
style.css,71,css,cd660e1e,Haowen Zhang,2026-04-15,11:59:43,-07:00,2026-04-15T11:59:43-07:00,0,0
style.css,72,css,24cf6cd7,Haowen Zhang,2026-04-09,22:19:59,-07:00,2026-04-09T22:19:59-07:00,0,6
style.css,73,css,388ee465,Haowen Zhang,2026-04-09,22:29:26,-07:00,2026-04-09T22:29:26-07:00,1,13
style.css,74,css,388ee465,Haowen Zhang,2026-04-09,22:29:26,-07:00,2026-04-09T22:29:26-07:00,1,10
style.css,75,css,388ee465,Haowen Zhang,2026-04-09,22:29:26,-07:00,2026-04-09T22:29:26-07:00,1,12
style.css,76,css,24cf6cd7,Haowen Zhang,2026-04-09,22:19:59,-07:00,2026-04-09T22:19:59-07:00,1,15
style.css,77,css,cd660e1e,Haowen Zhang,2026-04-15,11:59:43,-07:00,2026-04-15T11:59:43-07:00,0,0
style.css,78,css,cd660e1e,Haowen Zhang,2026-04-15,11:59:43,-07:00,2026-04-15T11:59:43-07:00,1,12
style.css,79,css,cd660e1e,Haowen Zhang,2026-04-15,11:59:43,-07:00,2026-04-15T11:59:43-07:00,1,24
style.css,80,css,388ee465,Haowen Zhang,2026-04-09,22:29:26,-07:00,2026-04-09T22:29:26-07:00,1,11
style.css,81,css,388ee465,Haowen Zhang,2026-04-09,22:29:26,-07:00,2026-04-09T22:29:26-07:00,1,17
style.css,82,css,24cf6cd7,Haowen Zhang,2026-04-09,22:19:59,-07:00,2026-04-09T22:19:59-07:00,0,0
style.css,83,css,24cf6cd7,Haowen Zhang,2026-04-09,22:19:59,-07:00,2026-04-09T22:19:59-07:00,0,0
style.css,84,css,cd660e1e,Haowen Zhang,2026-04-15,11:59:43,-07:00,2026-04-15T11:59:43-07:00,0,0
style.css,85,css,cd660e1e,Haowen Zhang,2026-04-15,11:59:43,-07:00,2026-04-15T11:59:43-07:00,0,0
style.css,86,css,cd660e1e,Haowen Zhang,2026-04-15,11:59:43,-07:00,2026-04-15T11:59:43-07:00,0,0
style.css,87,css,de98af22,Haowen Zhang,2026-04-09,21:10:51,-07:00,2026-04-09T21:10:51-07:00,0,3
style.css,88,css,de98af22,Haowen Zhang,2026-04-09,21:10:51,-07:00,2026-04-09T21:10:51-07:00,1,12
style.css,89,css,de98af22,Haowen Zhang,2026-04-09,21:10:51,-07:00,2026-04-09T21:10:51-07:00,1,8
style.css,90,css,cd660e1e,Haowen Zhang,2026-04-15,11:59:43,-07:00,2026-04-15T11:59:43-07:00,1,49
style.css,91,css,cd660e1e,Haowen Zhang,2026-04-15,11:59:43,-07:00,2026-04-15T11:59:43-07:00,1,39
style.css,92,css,cc6c3d4f,Haowen Zhang,2026-04-15,11:36:11,-07:00,2026-04-15T11:36:11-07:00,1,43
style.css,93,css,bc5e10b9,Haowen Zhang,2026-04-09,21:41:23,-07:00,2026-04-09T21:41:23-07:00,1,18
style.css,94,css,de98af22,Haowen Zhang,2026-04-09,21:10:51,-07:00,2026-04-09T21:10:51-07:00,0,0
style.css,95,css,de98af22,Haowen Zhang,2026-04-09,21:10:51,-07:00,2026-04-09T21:10:51-07:00,0,0
style.css,96,css,de98af22,Haowen Zhang,2026-04-09,21:10:51,-07:00,2026-04-09T21:10:51-07:00,0,5
style.css,97,css,8864e5d5,Haowen Zhang,2026-04-09,21:16:56,-07:00,2026-04-09T21:16:56-07:00,1,6
style.css,98,css,8864e5d5,Haowen Zhang,2026-04-09,21:16:56,-07:00,2026-04-09T21:16:56-07:00,1,17
style.css,99,css,d302360a,Haowen Zhang,2026-04-09,21:27:29,-07:00,2026-04-09T21:27:29-07:00,1,13
style.css,100,css,de98af22,Haowen Zhang,2026-04-09,21:10:51,-07:00,2026-04-09T21:10:51-07:00,1,20
style.css,101,css,d302360a,Haowen Zhang,2026-04-09,21:27:29,-07:00,2026-04-09T21:27:29-07:00,1,13
style.css,102,css,de98af22,Haowen Zhang,2026-04-09,21:10:51,-07:00,2026-04-09T21:10:51-07:00,0,0
style.css,103,css,de98af22,Haowen Zhang,2026-04-09,21:10:51,-07:00,2026-04-09T21:10:51-07:00,0,13
style.css,104,css,cd660e1e,Haowen Zhang,2026-04-15,11:59:43,-07:00,2026-04-15T11:59:43-07:00,1,51
style.css,105,css,cc6c3d4f,Haowen Zhang,2026-04-15,11:36:11,-07:00,2026-04-15T11:36:11-07:00,1,45
style.css,106,css,d302360a,Haowen Zhang,2026-04-09,21:27:29,-07:00,2026-04-09T21:27:29-07:00,1,20
style.css,107,css,de98af22,Haowen Zhang,2026-04-09,21:10:51,-07:00,2026-04-09T21:10:51-07:00,1,16
style.css,108,css,8864e5d5,Haowen Zhang,2026-04-09,21:16:56,-07:00,2026-04-09T21:16:56-07:00,0,0
style.css,109,css,a5df78f0,Haowen Zhang,2026-04-09,22:06:23,-07:00,2026-04-09T22:06:23-07:00,0,11
style.css,110,css,cd660e1e,Haowen Zhang,2026-04-15,11:59:43,-07:00,2026-04-15T11:59:43-07:00,1,21
style.css,111,css,a5df78f0,Haowen Zhang,2026-04-09,22:06:23,-07:00,2026-04-09T22:06:23-07:00,0,0
style.css,112,css,8864e5d5,Haowen Zhang,2026-04-09,21:16:56,-07:00,2026-04-09T21:16:56-07:00,0,0
style.css,113,css,d3d22a42,Haowen Zhang,2026-04-28,23:00:13,-07:00,2026-04-28T23:00:13-07:00,0,12
style.css,114,css,f7993500,Haowen Zhang,2026-04-09,22:57:28,-07:00,2026-04-09T22:57:28-07:00,1,12
style.css,115,css,f7993500,Haowen Zhang,2026-04-09,22:57:28,-07:00,2026-04-09T22:57:28-07:00,1,58
style.css,116,css,f7993500,Haowen Zhang,2026-04-09,22:57:28,-07:00,2026-04-09T22:57:28-07:00,1,7
style.css,117,css,f7993500,Haowen Zhang,2026-04-09,22:57:28,-07:00,2026-04-09T22:57:28-07:00,0,0
style.css,118,css,f7993500,Haowen Zhang,2026-04-09,22:57:28,-07:00,2026-04-09T22:57:28-07:00,0,0
style.css,119,css,f7993500,Haowen Zhang,2026-04-09,22:57:28,-07:00,2026-04-09T22:57:28-07:00,0,17
style.css,120,css,f7993500,Haowen Zhang,2026-04-09,22:57:28,-07:00,2026-04-09T22:57:28-07:00,1,12
style.css,121,css,f7993500,Haowen Zhang,2026-04-09,22:57:28,-07:00,2026-04-09T22:57:28-07:00,1,26
style.css,122,css,9cfeb145,Haowen Zhang,2026-04-28,22:49:49,-07:00,2026-04-28T22:49:49-07:00,1,15
style.css,123,css,f7993500,Haowen Zhang,2026-04-09,22:57:28,-07:00,2026-04-09T22:57:28-07:00,0,0
style.css,124,css,f7993500,Haowen Zhang,2026-04-09,22:57:28,-07:00,2026-04-09T22:57:28-07:00,0,0
style.css,125,css,f7993500,Haowen Zhang,2026-04-09,22:57:28,-07:00,2026-04-09T22:57:28-07:00,0,12
style.css,126,css,f7993500,Haowen Zhang,2026-04-09,22:57:28,-07:00,2026-04-09T22:57:28-07:00,1,8
style.css,127,css,f7993500,Haowen Zhang,2026-04-09,22:57:28,-07:00,2026-04-09T22:57:28-07:00,0,0
style.css,128,css,f7993500,Haowen Zhang,2026-04-09,22:57:28,-07:00,2026-04-09T22:57:28-07:00,0,0
style.css,129,css,a79a2fb2,Haowen Zhang,2026-04-28,22:42:35,-07:00,2026-04-28T22:42:35-07:00,0,13
style.css,130,css,a79a2fb2,Haowen Zhang,2026-04-28,22:42:35,-07:00,2026-04-28T22:42:35-07:00,1,10
style.css,131,css,a79a2fb2,Haowen Zhang,2026-04-28,22:42:35,-07:00,2026-04-28T22:42:35-07:00,1,16
style.css,132,css,9cfeb145,Haowen Zhang,2026-04-28,22:49:49,-07:00,2026-04-28T22:49:49-07:00,1,7
style.css,133,css,a79a2fb2,Haowen Zhang,2026-04-28,22:42:35,-07:00,2026-04-28T22:42:35-07:00,0,0
style.css,134,css,a79a2fb2,Haowen Zhang,2026-04-28,22:42:35,-07:00,2026-04-28T22:42:35-07:00,0,0
style.css,135,css,9cfeb145,Haowen Zhang,2026-04-28,22:49:49,-07:00,2026-04-28T22:49:49-07:00,0,13
style.css,136,css,9cfeb145,Haowen Zhang,2026-04-28,22:49:49,-07:00,2026-04-28T22:49:49-07:00,1,10
style.css,137,css,d3d22a42,Haowen Zhang,2026-04-28,23:00:13,-07:00,2026-04-28T23:00:13-07:00,0,2
style.css,138,css,d3d22a42,Haowen Zhang,2026-04-28,23:00:13,-07:00,2026-04-28T23:00:13-07:00,0,0
style.css,139,css,9aaf4bc3,Haowen Zhang,2026-05-01,13:08:55,-07:00,2026-05-01T13:08:55-07:00,0,18
style.css,140,css,9aaf4bc3,Haowen Zhang,2026-05-01,13:08:55,-07:00,2026-05-01T13:08:55-07:00,1,14
style.css,141,css,9aaf4bc3,Haowen Zhang,2026-05-01,13:08:55,-07:00,2026-05-01T13:08:55-07:00,1,16
style.css,142,css,9aaf4bc3,Haowen Zhang,2026-05-01,13:08:55,-07:00,2026-05-01T13:08:55-07:00,1,16
style.css,143,css,9aaf4bc3,Haowen Zhang,2026-05-01,13:08:55,-07:00,2026-05-01T13:08:55-07:00,0,0
style.css,144,css,9aaf4bc3,Haowen Zhang,2026-05-01,13:08:55,-07:00,2026-05-01T13:08:55-07:00,0,0
style.css,145,css,9aaf4bc3,Haowen Zhang,2026-05-01,13:08:55,-07:00,2026-05-01T13:08:55-07:00,0,0
style.css,146,css,9aaf4bc3,Haowen Zhang,2026-05-01,13:08:55,-07:00,2026-05-01T13:08:55-07:00,0,0
style.css,147,css,d3d22a42,Haowen Zhang,2026-04-28,23:00:13,-07:00,2026-04-28T23:00:13-07:00,0,9
style.css,148,css,d3d22a42,Haowen Zhang,2026-04-28,23:00:13,-07:00,2026-04-28T23:00:13-07:00,1,12
style.css,149,css,d3d22a42,Haowen Zhang,2026-04-28,23:00:13,-07:00,2026-04-28T23:00:13-07:00,1,58
style.css,150,css,d3d22a42,Haowen Zhang,2026-04-28,23:00:13,-07:00,2026-04-28T23:00:13-07:00,1,7
style.css,151,css,d3d22a42,Haowen Zhang,2026-04-28,23:00:13,-07:00,2026-04-28T23:00:13-07:00,0,0
style.css,152,css,d3d22a42,Haowen Zhang,2026-04-28,23:00:13,-07:00,2026-04-28T23:00:13-07:00,0,0
style.css,153,css,d3d22a42,Haowen Zhang,2026-04-28,23:00:13,-07:00,2026-04-28T23:00:13-07:00,0,17
style.css,154,css,d3d22a42,Haowen Zhang,2026-04-28,23:00:13,-07:00,2026-04-28T23:00:13-07:00,1,12
style.css,155,css,d3d22a42,Haowen Zhang,2026-04-28,23:00:13,-07:00,2026-04-28T23:00:13-07:00,1,21
style.css,156,css,d3d22a42,Haowen Zhang,2026-04-28,23:00:13,-07:00,2026-04-28T23:00:13-07:00,1,8
style.css,157,css,9cfeb145,Haowen Zhang,2026-04-28,22:49:49,-07:00,2026-04-28T22:49:49-07:00,0,0
style.css,158,css,9cfeb145,Haowen Zhang,2026-04-28,22:49:49,-07:00,2026-04-28T22:49:49-07:00,0,0
style.css,159,css,d3d22a42,Haowen Zhang,2026-04-28,23:00:13,-07:00,2026-04-28T23:00:13-07:00,0,12
style.css,160,css,d3d22a42,Haowen Zhang,2026-04-28,23:00:13,-07:00,2026-04-28T23:00:13-07:00,1,8
style.css,161,css,d3d22a42,Haowen Zhang,2026-04-28,23:00:13,-07:00,2026-04-28T23:00:13-07:00,0,0
style.css,162,css,d3d22a42,Haowen Zhang,2026-04-28,23:00:13,-07:00,2026-04-28T23:00:13-07:00,0,0
style.css,163,css,d3d22a42,Haowen Zhang,2026-04-28,23:00:13,-07:00,2026-04-28T23:00:13-07:00,0,13
style.css,164,css,d3d22a42,Haowen Zhang,2026-04-28,23:00:13,-07:00,2026-04-28T23:00:13-07:00,1,10
style.css,165,css,d3d22a42,Haowen Zhang,2026-04-28,23:00:13,-07:00,2026-04-28T23:00:13-07:00,1,13
style.css,166,css,d3d22a42,Haowen Zhang,2026-04-28,23:00:13,-07:00,2026-04-28T23:00:13-07:00,0,0
style.css,167,css,d3d22a42,Haowen Zhang,2026-04-28,23:00:13,-07:00,2026-04-28T23:00:13-07:00,0,0
style.css,168,css,d3d22a42,Haowen Zhang,2026-04-28,23:00:13,-07:00,2026-04-28T23:00:13-07:00,0,19
style.css,169,css,d3d22a42,Haowen Zhang,2026-04-28,23:00:13,-07:00,2026-04-28T23:00:13-07:00,1,8
style.css,170,css,d3d22a42,Haowen Zhang,2026-04-28,23:00:13,-07:00,2026-04-28T23:00:13-07:00,0,0
style.css,171,css,d3d22a42,Haowen Zhang,2026-04-28,23:00:13,-07:00,2026-04-28T23:00:13-07:00,0,0
style.css,172,css,d3d22a42,Haowen Zhang,2026-04-28,23:00:13,-07:00,2026-04-28T23:00:13-07:00,0,13
style.css,173,css,d3d22a42,Haowen Zhang,2026-04-28,23:00:13,-07:00,2026-04-28T23:00:13-07:00,1,10
style.css,174,css,d3d22a42,Haowen Zhang,2026-04-28,23:00:13,-07:00,2026-04-28T23:00:13-07:00,1,16
style.css,175,css,d3d22a42,Haowen Zhang,2026-04-28,23:00:13,-07:00,2026-04-28T23:00:13-07:00,1,17
style.css,176,css,d3d22a42,Haowen Zhang,2026-04-28,23:00:13,-07:00,2026-04-28T23:00:13-07:00,0,0
style.css,177,css,d3d22a42,Haowen Zhang,2026-04-28,23:00:13,-07:00,2026-04-28T23:00:13-07:00,0,0
style.css,178,css,d3d22a42,Haowen Zhang,2026-04-28,23:00:13,-07:00,2026-04-28T23:00:13-07:00,0,0
style.css,179,css,9cfeb145,Haowen Zhang,2026-04-28,22:49:49,-07:00,2026-04-28T22:49:49-07:00,0,0
style.css,180,css,f7993500,Haowen Zhang,2026-04-09,22:57:28,-07:00,2026-04-09T22:57:28-07:00,0,2
style.css,181,css,f7993500,Haowen Zhang,2026-04-09,22:57:28,-07:00,2026-04-09T22:57:28-07:00,1,14
style.css,182,css,f7993500,Haowen Zhang,2026-04-09,22:57:28,-07:00,2026-04-09T22:57:28-07:00,0,0
style.css,183,css,f7993500,Haowen Zhang,2026-04-09,22:57:28,-07:00,2026-04-09T22:57:28-07:00,0,0
style.css,184,css,cd660e1e,Haowen Zhang,2026-04-15,11:59:43,-07:00,2026-04-15T11:59:43-07:00,0,22
style.css,185,css,f7993500,Haowen Zhang,2026-04-09,22:57:28,-07:00,2026-04-09T22:57:28-07:00,1,15
style.css,186,css,f7993500,Haowen Zhang,2026-04-09,22:57:28,-07:00,2026-04-09T22:57:28-07:00,1,17
style.css,187,css,f7993500,Haowen Zhang,2026-04-09,22:57:28,-07:00,2026-04-09T22:57:28-07:00,0,0
style.css,188,css,a1995f91,Haowen Zhang,2026-04-09,23:05:01,-07:00,2026-04-09T23:05:01-07:00,0,0
style.css,189,css,cd660e1e,Haowen Zhang,2026-04-15,11:59:43,-07:00,2026-04-15T11:59:43-07:00,0,0
style.css,190,css,a1995f91,Haowen Zhang,2026-04-09,23:05:01,-07:00,2026-04-09T23:05:01-07:00,0,14
style.css,191,css,a1995f91,Haowen Zhang,2026-04-09,23:05:01,-07:00,2026-04-09T23:05:01-07:00,1,18
style.css,192,css,a1995f91,Haowen Zhang,2026-04-09,23:05:01,-07:00,2026-04-09T23:05:01-07:00,0,0
style.css,193,css,a1995f91,Haowen Zhang,2026-04-09,23:05:01,-07:00,2026-04-09T23:05:01-07:00,0,0
style.css,194,css,a1995f91,Haowen Zhang,2026-04-09,23:05:01,-07:00,2026-04-09T23:05:01-07:00,0,16
style.css,195,css,a1995f91,Haowen Zhang,2026-04-09,23:05:01,-07:00,2026-04-09T23:05:01-07:00,1,16
style.css,196,css,a1995f91,Haowen Zhang,2026-04-09,23:05:01,-07:00,2026-04-09T23:05:01-07:00,1,25
style.css,197,css,a1995f91,Haowen Zhang,2026-04-09,23:05:01,-07:00,2026-04-09T23:05:01-07:00,1,18
style.css,198,css,a1995f91,Haowen Zhang,2026-04-09,23:05:01,-07:00,2026-04-09T23:05:01-07:00,1,20
style.css,199,css,a1995f91,Haowen Zhang,2026-04-09,23:05:01,-07:00,2026-04-09T23:05:01-07:00,0,0
style.css,200,css,a1995f91,Haowen Zhang,2026-04-09,23:05:01,-07:00,2026-04-09T23:05:01-07:00,0,0
style.css,201,css,a1995f91,Haowen Zhang,2026-04-09,23:05:01,-07:00,2026-04-09T23:05:01-07:00,0,15
style.css,202,css,a1995f91,Haowen Zhang,2026-04-09,23:05:01,-07:00,2026-04-09T23:05:01-07:00,1,14
style.css,203,css,a1995f91,Haowen Zhang,2026-04-09,23:05:01,-07:00,2026-04-09T23:05:01-07:00,0,0
style.css,204,css,a1995f91,Haowen Zhang,2026-04-09,23:05:01,-07:00,2026-04-09T23:05:01-07:00,0,0
style.css,205,css,a1995f91,Haowen Zhang,2026-04-09,23:05:01,-07:00,2026-04-09T23:05:01-07:00,0,7
style.css,206,css,a1995f91,Haowen Zhang,2026-04-09,23:05:01,-07:00,2026-04-09T23:05:01-07:00,1,12
style.css,207,css,a1995f91,Haowen Zhang,2026-04-09,23:05:01,-07:00,2026-04-09T23:05:01-07:00,1,10
style.css,208,css,a1995f91,Haowen Zhang,2026-04-09,23:05:01,-07:00,2026-04-09T23:05:01-07:00,0,0
style.css,209,css,a1995f91,Haowen Zhang,2026-04-09,23:05:01,-07:00,2026-04-09T23:05:01-07:00,0,0
style.css,210,css,a1995f91,Haowen Zhang,2026-04-09,23:05:01,-07:00,2026-04-09T23:05:01-07:00,0,15
style.css,211,css,a1995f91,Haowen Zhang,2026-04-09,23:05:01,-07:00,2026-04-09T23:05:01-07:00,1,20
style.css,212,css,cd660e1e,Haowen Zhang,2026-04-15,11:59:43,-07:00,2026-04-15T11:59:43-07:00,1,21
style.css,213,css,a1995f91,Haowen Zhang,2026-04-09,23:05:01,-07:00,2026-04-09T23:05:01-07:00,1,18
style.css,214,css,cd660e1e,Haowen Zhang,2026-04-15,11:59:43,-07:00,2026-04-15T11:59:43-07:00,1,18
style.css,215,css,a1995f91,Haowen Zhang,2026-04-09,23:05:01,-07:00,2026-04-09T23:05:01-07:00,0,0
style.css,216,css,a1995f91,Haowen Zhang,2026-04-09,23:05:01,-07:00,2026-04-09T23:05:01-07:00,0,0
style.css,217,css,a1995f91,Haowen Zhang,2026-04-09,23:05:01,-07:00,2026-04-09T23:05:01-07:00,0,18
style.css,218,css,a1995f91,Haowen Zhang,2026-04-09,23:05:01,-07:00,2026-04-09T23:05:01-07:00,1,12
style.css,219,css,a1995f91,Haowen Zhang,2026-04-09,23:05:01,-07:00,2026-04-09T23:05:01-07:00,1,18
style.css,220,css,a1995f91,Haowen Zhang,2026-04-09,23:05:01,-07:00,2026-04-09T23:05:01-07:00,1,16
style.css,221,css,cd660e1e,Haowen Zhang,2026-04-15,11:59:43,-07:00,2026-04-15T11:59:43-07:00,1,10
style.css,222,css,a1995f91,Haowen Zhang,2026-04-09,23:05:01,-07:00,2026-04-09T23:05:01-07:00,0,0
style.css,223,css,a1995f91,Haowen Zhang,2026-04-09,23:05:01,-07:00,2026-04-09T23:05:01-07:00,0,0
style.css,224,css,a1995f91,Haowen Zhang,2026-04-09,23:05:01,-07:00,2026-04-09T23:05:01-07:00,0,25
style.css,225,css,a1995f91,Haowen Zhang,2026-04-09,23:05:01,-07:00,2026-04-09T23:05:01-07:00,1,15
style.css,226,css,a1995f91,Haowen Zhang,2026-04-09,23:05:01,-07:00,2026-04-09T23:05:01-07:00,0,0
style.css,227,css,a1995f91,Haowen Zhang,2026-04-09,23:05:01,-07:00,2026-04-09T23:05:01-07:00,0,0
style.css,228,css,a1995f91,Haowen Zhang,2026-04-09,23:05:01,-07:00,2026-04-09T23:05:01-07:00,0,19
style.css,229,css,a1995f91,Haowen Zhang,2026-04-09,23:05:01,-07:00,2026-04-09T23:05:01-07:00,1,12
style.css,230,css,a1995f91,Haowen Zhang,2026-04-09,23:05:01,-07:00,2026-04-09T23:05:01-07:00,1,29
style.css,231,css,a1995f91,Haowen Zhang,2026-04-09,23:05:01,-07:00,2026-04-09T23:05:01-07:00,1,20
style.css,232,css,a1995f91,Haowen Zhang,2026-04-09,23:05:01,-07:00,2026-04-09T23:05:01-07:00,1,8
style.css,233,css,a1995f91,Haowen Zhang,2026-04-09,23:05:01,-07:00,2026-04-09T23:05:01-07:00,1,14
style.css,234,css,a1995f91,Haowen Zhang,2026-04-09,23:05:01,-07:00,2026-04-09T23:05:01-07:00,0,0
style.css,235,css,a1995f91,Haowen Zhang,2026-04-09,23:05:01,-07:00,2026-04-09T23:05:01-07:00,0,0
style.css,236,css,a1995f91,Haowen Zhang,2026-04-09,23:05:01,-07:00,2026-04-09T23:05:01-07:00,0,22
style.css,237,css,a1995f91,Haowen Zhang,2026-04-09,23:05:01,-07:00,2026-04-09T23:05:01-07:00,1,8
style.css,238,css,a1995f91,Haowen Zhang,2026-04-09,23:05:01,-07:00,2026-04-09T23:05:01-07:00,1,17
style.css,239,css,a1995f91,Haowen Zhang,2026-04-09,23:05:01,-07:00,2026-04-09T23:05:01-07:00,0,0
style.css,240,css,a1995f91,Haowen Zhang,2026-04-09,23:05:01,-07:00,2026-04-09T23:05:01-07:00,0,0
style.css,241,css,a1995f91,Haowen Zhang,2026-04-09,23:05:01,-07:00,2026-04-09T23:05:01-07:00,0,23
style.css,242,css,a1995f91,Haowen Zhang,2026-04-09,23:05:01,-07:00,2026-04-09T23:05:01-07:00,0,24
style.css,243,css,a1995f91,Haowen Zhang,2026-04-09,23:05:01,-07:00,2026-04-09T23:05:01-07:00,1,25
style.css,244,css,a1995f91,Haowen Zhang,2026-04-09,23:05:01,-07:00,2026-04-09T23:05:01-07:00,1,17
style.css,245,css,a1995f91,Haowen Zhang,2026-04-09,23:05:01,-07:00,2026-04-09T23:05:01-07:00,0,0
style.css,246,css,a1995f91,Haowen Zhang,2026-04-09,23:05:01,-07:00,2026-04-09T23:05:01-07:00,0,0
style.css,247,css,a1995f91,Haowen Zhang,2026-04-09,23:05:01,-07:00,2026-04-09T23:05:01-07:00,0,9
style.css,248,css,a1995f91,Haowen Zhang,2026-04-09,23:05:01,-07:00,2026-04-09T23:05:01-07:00,1,17
style.css,249,css,a1995f91,Haowen Zhang,2026-04-09,23:05:01,-07:00,2026-04-09T23:05:01-07:00,0,0
style.css,250,css,a1995f91,Haowen Zhang,2026-04-09,23:05:01,-07:00,2026-04-09T23:05:01-07:00,0,0
style.css,251,css,a1995f91,Haowen Zhang,2026-04-09,23:05:01,-07:00,2026-04-09T23:05:01-07:00,0,9
style.css,252,css,cd660e1e,Haowen Zhang,2026-04-15,11:59:43,-07:00,2026-04-15T11:59:43-07:00,1,13
style.css,253,css,a1995f91,Haowen Zhang,2026-04-09,23:05:01,-07:00,2026-04-09T23:05:01-07:00,1,20
style.css,254,css,a1995f91,Haowen Zhang,2026-04-09,23:05:01,-07:00,2026-04-09T23:05:01-07:00,0,0
style.css,255,css,a1995f91,Haowen Zhang,2026-04-09,23:05:01,-07:00,2026-04-09T23:05:01-07:00,0,0
style.css,256,css,a1995f91,Haowen Zhang,2026-04-09,23:05:01,-07:00,2026-04-09T23:05:01-07:00,0,15
style.css,257,css,a1995f91,Haowen Zhang,2026-04-09,23:05:01,-07:00,2026-04-09T23:05:01-07:00,1,25
style.css,258,css,3fa2895f,Haowen Zhang,2026-04-22,23:40:59,-07:00,2026-04-22T23:40:59-07:00,0,0
style.css,259,css,3fa2895f,Haowen Zhang,2026-04-22,23:40:59,-07:00,2026-04-22T23:40:59-07:00,0,0
style.css,260,css,3fa2895f,Haowen Zhang,2026-04-22,23:40:59,-07:00,2026-04-22T23:40:59-07:00,0,17
style.css,261,css,3fa2895f,Haowen Zhang,2026-04-22,23:40:59,-07:00,2026-04-22T23:40:59-07:00,1,12
style.css,262,css,3fa2895f,Haowen Zhang,2026-04-22,23:40:59,-07:00,2026-04-22T23:40:59-07:00,1,36
style.css,263,css,3fa2895f,Haowen Zhang,2026-04-22,23:40:59,-07:00,2026-04-22T23:40:59-07:00,1,17
style.css,264,css,3fa2895f,Haowen Zhang,2026-04-22,23:40:59,-07:00,2026-04-22T23:40:59-07:00,1,15
style.css,265,css,3fa2895f,Haowen Zhang,2026-04-22,23:40:59,-07:00,2026-04-22T23:40:59-07:00,0,0
style.css,266,css,3fa2895f,Haowen Zhang,2026-04-22,23:40:59,-07:00,2026-04-22T23:40:59-07:00,0,0
style.css,267,css,3fa2895f,Haowen Zhang,2026-04-22,23:40:59,-07:00,2026-04-22T23:40:59-07:00,0,17
style.css,268,css,3fa2895f,Haowen Zhang,2026-04-22,23:40:59,-07:00,2026-04-22T23:40:59-07:00,1,10
style.css,269,css,3fa2895f,Haowen Zhang,2026-04-22,23:40:59,-07:00,2026-04-22T23:40:59-07:00,1,16
style.css,270,css,3fa2895f,Haowen Zhang,2026-04-22,23:40:59,-07:00,2026-04-22T23:40:59-07:00,1,10
style.css,271,css,3fa2895f,Haowen Zhang,2026-04-22,23:40:59,-07:00,2026-04-22T23:40:59-07:00,1,24
style.css,272,css,3fa2895f,Haowen Zhang,2026-04-22,23:40:59,-07:00,2026-04-22T23:40:59-07:00,0,0
style.css,273,css,3fa2895f,Haowen Zhang,2026-04-22,23:40:59,-07:00,2026-04-22T23:40:59-07:00,0,0
style.css,274,css,3fa2895f,Haowen Zhang,2026-04-22,23:40:59,-07:00,2026-04-22T23:40:59-07:00,0,17
style.css,275,css,3fa2895f,Haowen Zhang,2026-04-22,23:40:59,-07:00,2026-04-22T23:40:59-07:00,1,10
style.css,276,css,3fa2895f,Haowen Zhang,2026-04-22,23:40:59,-07:00,2026-04-22T23:40:59-07:00,1,14
style.css,277,css,3fa2895f,Haowen Zhang,2026-04-22,23:40:59,-07:00,2026-04-22T23:40:59-07:00,1,16
style.css,278,css,3fa2895f,Haowen Zhang,2026-04-22,23:40:59,-07:00,2026-04-22T23:40:59-07:00,1,8
style.css,279,css,0f55ed88,Haowen Zhang,2026-05-01,13:04:55,-07:00,2026-05-01T13:04:55-07:00,0,0
style.css,280,css,0f55ed88,Haowen Zhang,2026-05-01,13:04:55,-07:00,2026-05-01T13:04:55-07:00,0,0
style.css,281,css,7444e19f,Haowen Zhang,2026-05-01,19:21:37,-07:00,2026-05-01T19:21:37-07:00,0,20
style.css,282,css,7444e19f,Haowen Zhang,2026-05-01,19:21:37,-07:00,2026-05-01T19:21:37-07:00,0,7
style.css,283,css,7444e19f,Haowen Zhang,2026-05-01,19:21:37,-07:00,2026-05-01T19:21:37-07:00,1,12
style.css,284,css,7444e19f,Haowen Zhang,2026-05-01,19:21:37,-07:00,2026-05-01T19:21:37-07:00,1,57
style.css,285,css,7444e19f,Haowen Zhang,2026-05-01,19:21:37,-07:00,2026-05-01T19:21:37-07:00,1,9
style.css,286,css,7444e19f,Haowen Zhang,2026-05-01,19:21:37,-07:00,2026-05-01T19:21:37-07:00,1,12
style.css,287,css,7444e19f,Haowen Zhang,2026-05-01,19:21:37,-07:00,2026-05-01T19:21:37-07:00,1,11
style.css,288,css,7444e19f,Haowen Zhang,2026-05-01,19:21:37,-07:00,2026-05-01T19:21:37-07:00,1,21
style.css,289,css,7444e19f,Haowen Zhang,2026-05-01,19:21:37,-07:00,2026-05-01T19:21:37-07:00,0,0
style.css,290,css,7444e19f,Haowen Zhang,2026-05-01,19:21:37,-07:00,2026-05-01T19:21:37-07:00,0,0
style.css,291,css,7444e19f,Haowen Zhang,2026-05-01,19:21:37,-07:00,2026-05-01T19:21:37-07:00,0,13
style.css,292,css,7444e19f,Haowen Zhang,2026-05-01,19:21:37,-07:00,2026-05-01T19:21:37-07:00,0,10
style.css,293,css,7444e19f,Haowen Zhang,2026-05-01,19:21:37,-07:00,2026-05-01T19:21:37-07:00,1,12
style.css,294,css,7444e19f,Haowen Zhang,2026-05-01,19:21:37,-07:00,2026-05-01T19:21:37-07:00,1,18
style.css,295,css,7444e19f,Haowen Zhang,2026-05-01,19:21:37,-07:00,2026-05-01T19:21:37-07:00,1,9
style.css,296,css,7444e19f,Haowen Zhang,2026-05-01,19:21:37,-07:00,2026-05-01T19:21:37-07:00,0,0
style.css,297,css,7444e19f,Haowen Zhang,2026-05-01,19:21:37,-07:00,2026-05-01T19:21:37-07:00,0,0
style.css,298,css,7444e19f,Haowen Zhang,2026-05-01,19:21:37,-07:00,2026-05-01T19:21:37-07:00,0,13
style.css,299,css,7444e19f,Haowen Zhang,2026-05-01,19:21:37,-07:00,2026-05-01T19:21:37-07:00,0,15
style.css,300,css,7444e19f,Haowen Zhang,2026-05-01,19:21:37,-07:00,2026-05-01T19:21:37-07:00,1,9
style.css,301,css,7444e19f,Haowen Zhang,2026-05-01,19:21:37,-07:00,2026-05-01T19:21:37-07:00,1,10
style.css,302,css,7444e19f,Haowen Zhang,2026-05-01,19:21:37,-07:00,2026-05-01T19:21:37-07:00,1,29
style.css,303,css,7444e19f,Haowen Zhang,2026-05-01,19:21:37,-07:00,2026-05-01T19:21:37-07:00,1,17
style.css,304,css,3d14a99e,Haowen Zhang,2026-05-01,20:10:05,-07:00,2026-05-01T20:10:05-07:00,0,0
style.css,305,css,3d14a99e,Haowen Zhang,2026-05-01,20:10:05,-07:00,2026-05-01T20:10:05-07:00,0,0
style.css,306,css,3d14a99e,Haowen Zhang,2026-05-01,20:10:05,-07:00,2026-05-01T20:10:05-07:00,0,16
style.css,307,css,3d14a99e,Haowen Zhang,2026-05-01,20:10:05,-07:00,2026-05-01T20:10:05-07:00,1,12
style.css,308,css,3d14a99e,Haowen Zhang,2026-05-01,20:10:05,-07:00,2026-05-01T20:10:05-07:00,1,18
style.css,309,css,3d14a99e,Haowen Zhang,2026-05-01,20:10:05,-07:00,2026-05-01T20:10:05-07:00,1,8
style.css,310,css,3d14a99e,Haowen Zhang,2026-05-01,20:10:05,-07:00,2026-05-01T20:10:05-07:00,0,0
style.css,311,css,3d14a99e,Haowen Zhang,2026-05-01,20:10:05,-07:00,2026-05-01T20:10:05-07:00,0,0
style.css,312,css,3a54f600,Haowen Zhang,2026-05-01,20:14:07,-07:00,2026-05-01T20:14:07-07:00,0,18
style.css,313,css,3a54f600,Haowen Zhang,2026-05-01,20:14:07,-07:00,2026-05-01T20:14:07-07:00,0,18
style.css,314,css,3a54f600,Haowen Zhang,2026-05-01,20:14:07,-07:00,2026-05-01T20:14:07-07:00,1,27
style.css,315,css,3a54f600,Haowen Zhang,2026-05-01,20:14:07,-07:00,2026-05-01T20:14:07-07:00,1,11
style.css,316,css,3a54f600,Haowen Zhang,2026-05-01,20:14:07,-07:00,2026-05-01T20:14:07-07:00,0,0
style.css,317,css,3a54f600,Haowen Zhang,2026-05-01,20:14:07,-07:00,2026-05-01T20:14:07-07:00,0,0
style.css,318,css,3a54f600,Haowen Zhang,2026-05-01,20:14:07,-07:00,2026-05-01T20:14:07-07:00,0,7
style.css,319,css,3d14a99e,Haowen Zhang,2026-05-01,20:10:05,-07:00,2026-05-01T20:10:05-07:00,1,6
style.css,320,css,dfc70b19,Haowen Zhang,2026-05-01,21:56:34,-07:00,2026-05-01T21:56:34-07:00,0,0
style.css,321,css,dfc70b19,Haowen Zhang,2026-05-01,21:56:34,-07:00,2026-05-01T21:56:34-07:00,0,0
style.css,322,css,dfc70b19,Haowen Zhang,2026-05-01,21:56:34,-07:00,2026-05-01T21:56:34-07:00,0,4
style.css,323,css,dfc70b19,Haowen Zhang,2026-05-01,21:56:34,-07:00,2026-05-01T21:56:34-07:00,1,16
style.css,324,css,dfc70b19,Haowen Zhang,2026-05-01,21:56:34,-07:00,2026-05-01T21:56:34-07:00,0,0
style.css,325,css,dfc70b19,Haowen Zhang,2026-05-01,21:56:34,-07:00,2026-05-01T21:56:34-07:00,0,0
style.css,326,css,dfc70b19,Haowen Zhang,2026-05-01,21:56:34,-07:00,2026-05-01T21:56:34-07:00,0,36
style.css,327,css,dfc70b19,Haowen Zhang,2026-05-01,21:56:34,-07:00,2026-05-01T21:56:34-07:00,1,11
style.css,328,css,dfc70b19,Haowen Zhang,2026-05-01,21:56:34,-07:00,2026-05-01T21:56:34-07:00,0,0
style.css,329,css,dfc70b19,Haowen Zhang,2026-05-01,21:56:34,-07:00,2026-05-01T21:56:34-07:00,0,0
style.css,330,css,dfc70b19,Haowen Zhang,2026-05-01,21:56:34,-07:00,2026-05-01T21:56:34-07:00,0,9
style.css,331,css,dfc70b19,Haowen Zhang,2026-05-01,21:56:34,-07:00,2026-05-01T21:56:34-07:00,1,25
style.css,332,css,dfc70b19,Haowen Zhang,2026-05-01,21:56:34,-07:00,2026-05-01T21:56:34-07:00,0,0
style.css,333,css,dfc70b19,Haowen Zhang,2026-05-01,21:56:34,-07:00,2026-05-01T21:56:34-07:00,0,0
style.css,334,css,dfc70b19,Haowen Zhang,2026-05-01,21:56:34,-07:00,2026-05-01T21:56:34-07:00,0,18
style.css,335,css,dfc70b19,Haowen Zhang,2026-05-01,21:56:34,-07:00,2026-05-01T21:56:34-07:00,1,17
style.css,336,css,7444e19f,Haowen Zhang,2026-05-01,19:21:37,-07:00,2026-05-01T19:21:37-07:00,0,0
index.js,1,js,1c13b8ca,Haowen Zhang,2026-04-22,23:57:26,-07:00,2026-04-22T23:57:26-07:00,0,71
index.js,2,js,ea076ae3,Haowen Zhang,2026-04-22,14:15:00,-07:00,2026-04-22T14:15:00-07:00,0,54
index.js,3,js,ea076ae3,Haowen Zhang,2026-04-22,14:15:00,-07:00,2026-04-22T14:15:00-07:00,0,42
index.js,4,js,ea076ae3,Haowen Zhang,2026-04-22,14:15:00,-07:00,2026-04-22T14:15:00-07:00,0,60
index.js,5,js,3fa2895f,Haowen Zhang,2026-04-22,23:40:59,-07:00,2026-04-22T23:40:59-07:00,0,54
index.js,6,js,edcd5509,Haowen Zhang,2026-04-22,23:44:10,-07:00,2026-04-22T23:44:10-07:00,0,61
index.js,7,js,7c00c4d1,Haowen Zhang,2026-04-22,23:53:15,-07:00,2026-04-22T23:53:15-07:00,0,49
index.js,8,js,3fa2895f,Haowen Zhang,2026-04-22,23:40:59,-07:00,2026-04-22T23:40:59-07:00,0,0
index.js,9,js,3fa2895f,Haowen Zhang,2026-04-22,23:40:59,-07:00,2026-04-22T23:40:59-07:00,0,60
index.js,10,js,3fa2895f,Haowen Zhang,2026-04-22,23:40:59,-07:00,2026-04-22T23:40:59-07:00,0,17
index.js,11,js,3fa2895f,Haowen Zhang,2026-04-22,23:40:59,-07:00,2026-04-22T23:40:59-07:00,1,24
index.js,12,js,3fa2895f,Haowen Zhang,2026-04-22,23:40:59,-07:00,2026-04-22T23:40:59-07:00,4,2
index.js,13,js,3fa2895f,Haowen Zhang,2026-04-22,23:40:59,-07:00,2026-04-22T23:40:59-07:00,5,55
index.js,14,js,3fa2895f,Haowen Zhang,2026-04-22,23:40:59,-07:00,2026-04-22T23:40:59-07:00,5,55
index.js,15,js,3fa2895f,Haowen Zhang,2026-04-22,23:40:59,-07:00,2026-04-22T23:40:59-07:00,5,49
index.js,16,js,3fa2895f,Haowen Zhang,2026-04-22,23:40:59,-07:00,2026-04-22T23:40:59-07:00,5,49
index.js,17,js,3fa2895f,Haowen Zhang,2026-04-22,23:40:59,-07:00,2026-04-22T23:40:59-07:00,4,3
index.js,18,js,3fa2895f,Haowen Zhang,2026-04-22,23:40:59,-07:00,2026-04-22T23:40:59-07:00,2,0
index.js,19,js,edcd5509,Haowen Zhang,2026-04-22,23:44:10,-07:00,2026-04-22T23:44:10-07:00,0,0
index.js,20,js,edcd5509,Haowen Zhang,2026-04-22,23:44:10,-07:00,2026-04-22T23:44:10-07:00,0,0
index.html,1,html,21345826,Haowen Zhang,2026-04-01,20:29:37,-07:00,2026-04-01T20:29:37-07:00,0,13
index.html,2,html,21345826,Haowen Zhang,2026-04-01,20:29:37,-07:00,2026-04-01T20:29:37-07:00,0,14
index.html,3,html,21345826,Haowen Zhang,2026-04-01,20:29:37,-07:00,2026-04-01T20:29:37-07:00,0,4
index.html,4,html,21345826,Haowen Zhang,2026-04-01,20:29:37,-07:00,2026-04-01T20:29:37-07:00,2,20
index.html,5,html,21345826,Haowen Zhang,2026-04-01,20:29:37,-07:00,2026-04-01T20:29:37-07:00,2,68
index.html,6,html,21345826,Haowen Zhang,2026-04-01,20:29:37,-07:00,2026-04-01T20:29:37-07:00,2,54
index.html,7,html,0adb5689,Haowen Zhang,2026-04-01,21:03:16,-07:00,2026-04-01T21:03:16-07:00,2,38
index.html,8,html,83543c16,Haowen Zhang,2026-04-14,16:03:57,-07:00,2026-04-14T16:03:57-07:00,2,45
index.html,9,html,ea076ae3,Haowen Zhang,2026-04-22,14:15:00,-07:00,2026-04-22T14:15:00-07:00,2,50
index.html,10,html,21345826,Haowen Zhang,2026-04-01,20:29:37,-07:00,2026-04-01T20:29:37-07:00,0,5
index.html,11,html,21345826,Haowen Zhang,2026-04-01,20:29:37,-07:00,2026-04-01T20:29:37-07:00,0,4
index.html,12,html,0adb5689,Haowen Zhang,2026-04-01,21:03:16,-07:00,2026-04-01T21:03:16-07:00,2,0
index.html,13,html,937acba6,Haowen Zhang,2026-04-14,18:47:18,-07:00,2026-04-14T18:47:18-07:00,2,8
index.html,14,html,ee9f4e97,Haowen Zhang,2026-04-14,18:32:30,-07:00,2026-04-14T18:32:30-07:00,4,27
index.html,15,html,0adb5689,Haowen Zhang,2026-04-01,21:03:16,-07:00,2026-04-01T21:03:16-07:00,4,40
index.html,16,html,0adb5689,Haowen Zhang,2026-04-01,21:03:16,-07:00,2026-04-01T21:03:16-07:00,4,38
index.html,17,html,96123860,Haowen Zhang,2026-04-01,21:32:33,-07:00,2026-04-01T21:32:33-07:00,4,36
index.html,18,html,ef0a2b7e,Haowen Zhang,2026-04-01,21:06:12,-07:00,2026-04-01T21:06:12-07:00,0,0
index.html,19,html,ef0a2b7e,Haowen Zhang,2026-04-01,21:06:12,-07:00,2026-04-01T21:06:12-07:00,4,76
index.html,20,html,96123860,Haowen Zhang,2026-04-01,21:32:33,-07:00,2026-04-01T21:32:33-07:00,6,5
index.html,21,html,ef0a2b7e,Haowen Zhang,2026-04-01,21:06:12,-07:00,2026-04-01T21:06:12-07:00,4,2
index.html,22,html,937acba6,Haowen Zhang,2026-04-14,18:47:18,-07:00,2026-04-14T18:47:18-07:00,2,8
index.html,23,html,0adb5689,Haowen Zhang,2026-04-01,21:03:16,-07:00,2026-04-01T21:03:16-07:00,0,0
index.html,24,html,21345826,Haowen Zhang,2026-04-01,20:29:37,-07:00,2026-04-01T20:29:37-07:00,2,21
index.html,25,html,ea076ae3,Haowen Zhang,2026-04-22,14:15:00,-07:00,2026-04-22T14:15:00-07:00,2,0
index.html,26,html,ea076ae3,Haowen Zhang,2026-04-22,14:15:00,-07:00,2026-04-22T14:15:00-07:00,2,22
index.html,27,html,ea076ae3,Haowen Zhang,2026-04-22,14:15:00,-07:00,2026-04-22T14:15:00-07:00,2,20
index.html,28,html,ea076ae3,Haowen Zhang,2026-04-22,14:15:00,-07:00,2026-04-22T14:15:00-07:00,2,49
index.html,29,html,ea076ae3,Haowen Zhang,2026-04-22,14:15:00,-07:00,2026-04-22T14:15:00-07:00,2,4
index.html,30,html,ea076ae3,Haowen Zhang,2026-04-22,14:15:00,-07:00,2026-04-22T14:15:00-07:00,0,0
index.html,31,html,3fa2895f,Haowen Zhang,2026-04-22,23:40:59,-07:00,2026-04-22T23:40:59-07:00,2,22
index.html,32,html,3fa2895f,Haowen Zhang,2026-04-22,23:40:59,-07:00,2026-04-22T23:40:59-07:00,2,22
index.html,33,html,3fa2895f,Haowen Zhang,2026-04-22,23:40:59,-07:00,2026-04-22T23:40:59-07:00,2,34
index.html,34,html,3fa2895f,Haowen Zhang,2026-04-22,23:40:59,-07:00,2026-04-22T23:40:59-07:00,2,4
index.html,35,html,3fa2895f,Haowen Zhang,2026-04-22,23:40:59,-07:00,2026-04-22T23:40:59-07:00,0,0
index.html,36,html,ea076ae3,Haowen Zhang,2026-04-22,14:15:00,-07:00,2026-04-22T14:15:00-07:00,2,35
index.html,37,html,21345826,Haowen Zhang,2026-04-01,20:29:37,-07:00,2026-04-01T20:29:37-07:00,2,92
index.html,38,html,0adb5689,Haowen Zhang,2026-04-01,21:03:16,-07:00,2026-04-01T21:03:16-07:00,0,0
index.html,39,html,0adb5689,Haowen Zhang,2026-04-01,21:03:16,-07:00,2026-04-01T21:03:16-07:00,2,51
index.html,40,html,21345826,Haowen Zhang,2026-04-01,20:29:37,-07:00,2026-04-01T20:29:37-07:00,0,5
index.html,41,html,0adb5689,Haowen Zhang,2026-04-01,21:03:16,-07:00,2026-04-01T21:03:16-07:00,0,5
index.html,42,html,0adb5689,Haowen Zhang,2026-04-01,21:03:16,-07:00,2026-04-01T21:03:16-07:00,0,0
index.html,43,html,0adb5689,Haowen Zhang,2026-04-01,21:03:16,-07:00,2026-04-01T21:03:16-07:00,0,0
index.html,44,html,0adb5689,Haowen Zhang,2026-04-01,21:03:16,-07:00,2026-04-01T21:03:16-07:00,0,0
global.js,1,js,937acba6,Haowen Zhang,2026-04-14,18:47:18,-07:00,2026-04-14T18:47:18-07:00,0,0
global.js,2,js,cc690dfb,Haowen Zhang,2026-04-15,11:17:47,-07:00,2026-04-15T11:17:47-07:00,0,25
global.js,3,js,cc690dfb,Haowen Zhang,2026-04-15,11:17:47,-07:00,2026-04-15T11:17:47-07:00,0,0
global.js,4,js,cc690dfb,Haowen Zhang,2026-04-15,11:17:47,-07:00,2026-04-15T11:17:47-07:00,0,41
global.js,5,js,cc690dfb,Haowen Zhang,2026-04-15,11:17:47,-07:00,2026-04-15T11:17:47-07:00,1,52
global.js,6,js,cc690dfb,Haowen Zhang,2026-04-15,11:17:47,-07:00,2026-04-15T11:17:47-07:00,0,0
global.js,7,js,937acba6,Haowen Zhang,2026-04-14,18:47:18,-07:00,2026-04-14T18:47:18-07:00,0,0
global.js,8,js,7d12300c,Haowen Zhang,2026-04-15,12:07:19,-07:00,2026-04-15T12:07:19-07:00,0,31
global.js,9,js,7d12300c,Haowen Zhang,2026-04-15,12:07:19,-07:00,2026-04-15T12:07:19-07:00,1,11
global.js,10,js,7d12300c,Haowen Zhang,2026-04-15,12:07:19,-07:00,2026-04-15T12:07:19-07:00,1,0
global.js,11,js,7d12300c,Haowen Zhang,2026-04-15,12:07:19,-07:00,2026-04-15T12:07:19-07:00,1,26
global.js,12,js,7d12300c,Haowen Zhang,2026-04-15,12:07:19,-07:00,2026-04-15T12:07:19-07:00,2,4
global.js,13,js,96ed9b6b,Haowen Zhang,2026-04-15,12:11:25,-07:00,2026-04-15T12:11:25-07:00,2,24
global.js,14,js,7d12300c,Haowen Zhang,2026-04-15,12:07:19,-07:00,2026-04-15T12:07:19-07:00,3,43
global.js,15,js,7d12300c,Haowen Zhang,2026-04-15,12:07:19,-07:00,2026-04-15T12:07:19-07:00,3,34
global.js,16,js,7d12300c,Haowen Zhang,2026-04-15,12:07:19,-07:00,2026-04-15T12:07:19-07:00,3,32
global.js,17,js,7d12300c,Haowen Zhang,2026-04-15,12:07:19,-07:00,2026-04-15T12:07:19-07:00,2,7
global.js,18,js,96ed9b6b,Haowen Zhang,2026-04-15,12:11:25,-07:00,2026-04-15T12:11:25-07:00,1,6
global.js,19,js,96ed9b6b,Haowen Zhang,2026-04-15,12:11:25,-07:00,2026-04-15T12:11:25-07:00,1,0
global.js,20,js,7d12300c,Haowen Zhang,2026-04-15,12:07:19,-07:00,2026-04-15T12:07:19-07:00,0,0
global.js,21,js,397e6202,Haowen Zhang,2026-04-15,11:56:08,-07:00,2026-04-15T11:56:08-07:00,0,0
global.js,22,js,375caf58,Haowen Zhang,2026-04-15,12:48:20,-07:00,2026-04-15T12:48:20-07:00,0,67
global.js,23,js,6aff660d,Haowen Zhang,2026-04-15,12:14:22,-07:00,2026-04-15T12:14:22-07:00,0,0
global.js,24,js,375caf58,Haowen Zhang,2026-04-15,12:48:20,-07:00,2026-04-15T12:48:20-07:00,0,63
global.js,25,js,375caf58,Haowen Zhang,2026-04-15,12:48:20,-07:00,2026-04-15T12:48:20-07:00,0,64
global.js,26,js,e221a459,Haowen Zhang,2026-04-15,12:30:38,-07:00,2026-04-15T12:30:38-07:00,0,0
global.js,27,js,375caf58,Haowen Zhang,2026-04-15,12:48:20,-07:00,2026-04-15T12:48:20-07:00,0,46
global.js,28,js,375caf58,Haowen Zhang,2026-04-15,12:48:20,-07:00,2026-04-15T12:48:20-07:00,0,20
global.js,29,js,375caf58,Haowen Zhang,2026-04-15,12:48:20,-07:00,2026-04-15T12:48:20-07:00,0,23
global.js,30,js,375caf58,Haowen Zhang,2026-04-15,12:48:20,-07:00,2026-04-15T12:48:20-07:00,0,5
global.js,31,js,375caf58,Haowen Zhang,2026-04-15,12:48:20,-07:00,2026-04-15T12:48:20-07:00,0,4
global.js,32,js,8237398e,Haowen Zhang,2026-04-15,12:34:17,-07:00,2026-04-15T12:34:17-07:00,0,0
global.js,33,js,b81730db,Haowen Zhang,2026-04-15,14:05:58,-07:00,2026-04-15T14:05:58-07:00,0,60
global.js,34,js,8237398e,Haowen Zhang,2026-04-15,12:34:17,-07:00,2026-04-15T12:34:17-07:00,0,0
global.js,35,js,375caf58,Haowen Zhang,2026-04-15,12:48:20,-07:00,2026-04-15T12:48:20-07:00,0,34
global.js,36,js,b81730db,Haowen Zhang,2026-04-15,14:05:58,-07:00,2026-04-15T14:05:58-07:00,1,41
global.js,37,js,b81730db,Haowen Zhang,2026-04-15,14:05:58,-07:00,2026-04-15T14:05:58-07:00,2,13
global.js,38,js,b81730db,Haowen Zhang,2026-04-15,14:05:58,-07:00,2026-04-15T14:05:58-07:00,2,22
global.js,39,js,b81730db,Haowen Zhang,2026-04-15,14:05:58,-07:00,2026-04-15T14:05:58-07:00,1,0
global.js,40,js,b81730db,Haowen Zhang,2026-04-15,14:05:58,-07:00,2026-04-15T14:05:58-07:00,1,38
global.js,41,js,375caf58,Haowen Zhang,2026-04-15,12:48:20,-07:00,2026-04-15T12:48:20-07:00,0,0
global.js,42,js,c7e10210,Haowen Zhang,2026-04-15,12:40:36,-07:00,2026-04-15T12:40:36-07:00,0,0
global.js,43,js,375caf58,Haowen Zhang,2026-04-15,12:48:20,-07:00,2026-04-15T12:48:20-07:00,0,49
global.js,44,js,375caf58,Haowen Zhang,2026-04-15,12:48:20,-07:00,2026-04-15T12:48:20-07:00,1,31
global.js,45,js,375caf58,Haowen Zhang,2026-04-15,12:48:20,-07:00,2026-04-15T12:48:20-07:00,1,64
global.js,46,js,b81730db,Haowen Zhang,2026-04-15,14:05:58,-07:00,2026-04-15T14:05:58-07:00,1,31
global.js,47,js,375caf58,Haowen Zhang,2026-04-15,12:48:20,-07:00,2026-04-15T12:48:20-07:00,0,1
global.js,48,js,6aff660d,Haowen Zhang,2026-04-15,12:14:22,-07:00,2026-04-15T12:14:22-07:00,0,0
global.js,49,js,937acba6,Haowen Zhang,2026-04-14,18:47:18,-07:00,2026-04-14T18:47:18-07:00,0,11
global.js,50,js,937acba6,Haowen Zhang,2026-04-14,18:47:18,-07:00,2026-04-14T18:47:18-07:00,1,25
global.js,51,js,937acba6,Haowen Zhang,2026-04-14,18:47:18,-07:00,2026-04-14T18:47:18-07:00,1,38
global.js,52,js,937acba6,Haowen Zhang,2026-04-14,18:47:18,-07:00,2026-04-14T18:47:18-07:00,1,36
global.js,53,js,937acba6,Haowen Zhang,2026-04-14,18:47:18,-07:00,2026-04-14T18:47:18-07:00,1,34
global.js,54,js,1cdad9bd,Haowen Zhang,2026-05-07,10:47:04,-07:00,2026-05-07T10:47:04-07:00,1,30
global.js,55,js,937acba6,Haowen Zhang,2026-04-14,18:47:18,-07:00,2026-04-14T18:47:18-07:00,1,52
global.js,56,js,937acba6,Haowen Zhang,2026-04-14,18:47:18,-07:00,2026-04-14T18:47:18-07:00,0,0
global.js,57,js,937acba6,Haowen Zhang,2026-04-14,18:47:18,-07:00,2026-04-14T18:47:18-07:00,0,0
global.js,58,js,937acba6,Haowen Zhang,2026-04-14,18:47:18,-07:00,2026-04-14T18:47:18-07:00,0,15
global.js,59,js,937acba6,Haowen Zhang,2026-04-14,18:47:18,-07:00,2026-04-14T18:47:18-07:00,1,68
global.js,60,js,937acba6,Haowen Zhang,2026-04-14,18:47:18,-07:00,2026-04-14T18:47:18-07:00,2,3
global.js,61,js,cc690dfb,Haowen Zhang,2026-04-15,11:17:47,-07:00,2026-04-15T11:17:47-07:00,2,14
global.js,62,js,cc690dfb,Haowen Zhang,2026-04-15,11:17:47,-07:00,2026-04-15T11:17:47-07:00,0,0
global.js,63,js,cc690dfb,Haowen Zhang,2026-04-15,11:17:47,-07:00,2026-04-15T11:17:47-07:00,0,38
global.js,64,js,cc690dfb,Haowen Zhang,2026-04-15,11:17:47,-07:00,2026-04-15T11:17:47-07:00,0,25
global.js,65,js,937acba6,Haowen Zhang,2026-04-14,18:47:18,-07:00,2026-04-14T18:47:18-07:00,0,0
global.js,66,js,937acba6,Haowen Zhang,2026-04-14,18:47:18,-07:00,2026-04-14T18:47:18-07:00,0,20
global.js,67,js,937acba6,Haowen Zhang,2026-04-14,18:47:18,-07:00,2026-04-14T18:47:18-07:00,1,14
global.js,68,js,937acba6,Haowen Zhang,2026-04-14,18:47:18,-07:00,2026-04-14T18:47:18-07:00,0,0
global.js,69,js,6d4bf72c,Haowen Zhang,2026-04-15,11:07:40,-07:00,2026-04-15T11:07:40-07:00,1,28
global.js,70,js,6d4bf72c,Haowen Zhang,2026-04-15,11:07:40,-07:00,2026-04-15T11:07:40-07:00,2,20
global.js,71,js,6d4bf72c,Haowen Zhang,2026-04-15,11:07:40,-07:00,2026-04-15T11:07:40-07:00,1,0
global.js,72,js,ee9f4e97,Haowen Zhang,2026-04-14,18:32:30,-07:00,2026-04-14T18:32:30-07:00,0,0
global.js,73,js,6d4bf72c,Haowen Zhang,2026-04-15,11:07:40,-07:00,2026-04-15T11:07:40-07:00,1,34
global.js,74,js,6d4bf72c,Haowen Zhang,2026-04-15,11:07:40,-07:00,2026-04-15T11:07:40-07:00,1,11
global.js,75,js,cc690dfb,Haowen Zhang,2026-04-15,11:17:47,-07:00,2026-04-15T11:17:47-07:00,1,22
global.js,76,js,937acba6,Haowen Zhang,2026-04-14,18:47:18,-07:00,2026-04-14T18:47:18-07:00,0,0
global.js,77,js,6d4bf72c,Haowen Zhang,2026-04-15,11:07:40,-07:00,2026-04-15T11:07:40-07:00,1,65
global.js,78,js,6d4bf72c,Haowen Zhang,2026-04-15,11:07:40,-07:00,2026-04-15T11:07:40-07:00,2,25
global.js,79,js,6d4bf72c,Haowen Zhang,2026-04-15,11:07:40,-07:00,2026-04-15T11:07:40-07:00,1,0
global.js,80,js,6d4bf72c,Haowen Zhang,2026-04-15,11:07:40,-07:00,2026-04-15T11:07:40-07:00,0,0
global.js,81,js,cc690dfb,Haowen Zhang,2026-04-15,11:17:47,-07:00,2026-04-15T11:17:47-07:00,1,29
global.js,82,js,cc690dfb,Haowen Zhang,2026-04-15,11:17:47,-07:00,2026-04-15T11:17:47-07:00,2,18
global.js,83,js,cc690dfb,Haowen Zhang,2026-04-15,11:17:47,-07:00,2026-04-15T11:17:47-07:00,2,28
global.js,84,js,cc690dfb,Haowen Zhang,2026-04-15,11:17:47,-07:00,2026-04-15T11:17:47-07:00,1,0
global.js,85,js,cc690dfb,Haowen Zhang,2026-04-15,11:17:47,-07:00,2026-04-15T11:17:47-07:00,0,0
global.js,86,js,cc690dfb,Haowen Zhang,2026-04-15,11:17:47,-07:00,2026-04-15T11:17:47-07:00,1,12
global.js,87,js,39e81d55,Haowen Zhang,2026-04-22,13:36:55,-07:00,2026-04-22T13:36:55-07:00,0,0
global.js,88,js,39e81d55,Haowen Zhang,2026-04-22,13:36:55,-07:00,2026-04-22T13:36:55-07:00,0,0
global.js,89,js,39e81d55,Haowen Zhang,2026-04-22,13:36:55,-07:00,2026-04-22T13:36:55-07:00,0,36
global.js,90,js,39e81d55,Haowen Zhang,2026-04-22,13:36:55,-07:00,2026-04-22T13:36:55-07:00,1,3
global.js,91,js,39e81d55,Haowen Zhang,2026-04-22,13:36:55,-07:00,2026-04-22T13:36:55-07:00,2,20
global.js,92,js,39e81d55,Haowen Zhang,2026-04-22,13:36:55,-07:00,2026-04-22T13:36:55-07:00,2,32
global.js,93,js,39e81d55,Haowen Zhang,2026-04-22,13:36:55,-07:00,2026-04-22T13:36:55-07:00,0,0
global.js,94,js,39e81d55,Haowen Zhang,2026-04-22,13:36:55,-07:00,2026-04-22T13:36:55-07:00,2,32
global.js,95,js,39e81d55,Haowen Zhang,2026-04-22,13:36:55,-07:00,2026-04-22T13:36:55-07:00,2,17
global.js,96,js,39e81d55,Haowen Zhang,2026-04-22,13:36:55,-07:00,2026-04-22T13:36:55-07:00,3,66
global.js,97,js,39e81d55,Haowen Zhang,2026-04-22,13:36:55,-07:00,2026-04-22T13:36:55-07:00,2,0
global.js,98,js,39e81d55,Haowen Zhang,2026-04-22,13:36:55,-07:00,2026-04-22T13:36:55-07:00,0,0
global.js,99,js,39e81d55,Haowen Zhang,2026-04-22,13:36:55,-07:00,2026-04-22T13:36:55-07:00,2,11
global.js,100,js,39e81d55,Haowen Zhang,2026-04-22,13:36:55,-07:00,2026-04-22T13:36:55-07:00,2,33
global.js,101,js,39e81d55,Haowen Zhang,2026-04-22,13:36:55,-07:00,2026-04-22T13:36:55-07:00,0,0
global.js,102,js,39e81d55,Haowen Zhang,2026-04-22,13:36:55,-07:00,2026-04-22T13:36:55-07:00,2,10
global.js,103,js,39e81d55,Haowen Zhang,2026-04-22,13:36:55,-07:00,2026-04-22T13:36:55-07:00,0,0
global.js,104,js,39e81d55,Haowen Zhang,2026-04-22,13:36:55,-07:00,2026-04-22T13:36:55-07:00,1,15
global.js,105,js,39e81d55,Haowen Zhang,2026-04-22,13:36:55,-07:00,2026-04-22T13:36:55-07:00,2,59
global.js,106,js,39e81d55,Haowen Zhang,2026-04-22,13:36:55,-07:00,2026-04-22T13:36:55-07:00,1,0
global.js,107,js,39e81d55,Haowen Zhang,2026-04-22,13:36:55,-07:00,2026-04-22T13:36:55-07:00,0,0
global.js,108,js,39e81d55,Haowen Zhang,2026-04-22,13:36:55,-07:00,2026-04-22T13:36:55-07:00,0,0
global.js,109,js,a79a2fb2,Haowen Zhang,2026-04-28,22:42:35,-07:00,2026-04-28T22:42:35-07:00,0,75
global.js,110,js,a79a2fb2,Haowen Zhang,2026-04-28,22:42:35,-07:00,2026-04-28T22:42:35-07:00,0,30
global.js,111,js,b47276d7,Haowen Zhang,2026-04-28,22:21:47,-07:00,2026-04-28T22:21:47-07:00,0,0
global.js,112,js,a79a2fb2,Haowen Zhang,2026-04-28,22:42:35,-07:00,2026-04-28T22:42:35-07:00,0,34
global.js,113,js,a79a2fb2,Haowen Zhang,2026-04-28,22:42:35,-07:00,2026-04-28T22:42:35-07:00,0,59
global.js,114,js,b47276d7,Haowen Zhang,2026-04-28,22:21:47,-07:00,2026-04-28T22:21:47-07:00,0,0
global.js,115,js,a79a2fb2,Haowen Zhang,2026-04-28,22:42:35,-07:00,2026-04-28T22:42:35-07:00,0,60
global.js,116,js,a79a2fb2,Haowen Zhang,2026-04-28,22:42:35,-07:00,2026-04-28T22:42:35-07:00,0,43
global.js,117,js,3ac0693e,Haowen Zhang,2026-04-28,22:37:14,-07:00,2026-04-28T22:37:14-07:00,0,0
global.js,118,js,a79a2fb2,Haowen Zhang,2026-04-28,22:42:35,-07:00,2026-04-28T22:42:35-07:00,0,27
global.js,119,js,a79a2fb2,Haowen Zhang,2026-04-28,22:42:35,-07:00,2026-04-28T22:42:35-07:00,0,50
global.js,120,js,a79a2fb2,Haowen Zhang,2026-04-28,22:42:35,-07:00,2026-04-28T22:42:35-07:00,0,44
global.js,121,js,a79a2fb2,Haowen Zhang,2026-04-28,22:42:35,-07:00,2026-04-28T22:42:35-07:00,0,41
global.js,122,js,39e81d55,Haowen Zhang,2026-04-22,13:36:55,-07:00,2026-04-22T13:36:55-07:00,0,0
global.js,123,js,a79a2fb2,Haowen Zhang,2026-04-28,22:42:35,-07:00,2026-04-28T22:42:35-07:00,0,51
global.js,124,js,a79a2fb2,Haowen Zhang,2026-04-28,22:42:35,-07:00,2026-04-28T22:42:35-07:00,0,33
global.js,125,js,a79a2fb2,Haowen Zhang,2026-04-28,22:42:35,-07:00,2026-04-28T22:42:35-07:00,0,33
global.js,126,js,39e81d55,Haowen Zhang,2026-04-22,13:36:55,-07:00,2026-04-22T13:36:55-07:00,0,0
global.js,127,js,a79a2fb2,Haowen Zhang,2026-04-28,22:42:35,-07:00,2026-04-28T22:42:35-07:00,0,50
global.js,128,js,a79a2fb2,Haowen Zhang,2026-04-28,22:42:35,-07:00,2026-04-28T22:42:35-07:00,0,48
global.js,129,js,39e81d55,Haowen Zhang,2026-04-22,13:36:55,-07:00,2026-04-22T13:36:55-07:00,0,0
global.js,130,js,a79a2fb2,Haowen Zhang,2026-04-28,22:42:35,-07:00,2026-04-28T22:42:35-07:00,0,36
global.js,131,js,a79a2fb2,Haowen Zhang,2026-04-28,22:42:35,-07:00,2026-04-28T22:42:35-07:00,0,83
global.js,132,js,a79a2fb2,Haowen Zhang,2026-04-28,22:42:35,-07:00,2026-04-28T22:42:35-07:00,0,34
global.js,133,js,a79a2fb2,Haowen Zhang,2026-04-28,22:42:35,-07:00,2026-04-28T22:42:35-07:00,0,35
global.js,134,js,39e81d55,Haowen Zhang,2026-04-22,13:36:55,-07:00,2026-04-22T13:36:55-07:00,0,0
global.js,135,js,a79a2fb2,Haowen Zhang,2026-04-28,22:42:35,-07:00,2026-04-28T22:42:35-07:00,0,40
global.js,136,js,a79a2fb2,Haowen Zhang,2026-04-28,22:42:35,-07:00,2026-04-28T22:42:35-07:00,0,8
global.js,137,js,a79a2fb2,Haowen Zhang,2026-04-28,22:42:35,-07:00,2026-04-28T22:42:35-07:00,0,2
global.js,138,js,a69d29f6,Haowen Zhang,2026-04-22,14:25:05,-07:00,2026-04-22T14:25:05-07:00,0,0
global.js,139,js,a79a2fb2,Haowen Zhang,2026-04-28,22:42:35,-07:00,2026-04-28T22:42:35-07:00,0,79
global.js,140,js,a79a2fb2,Haowen Zhang,2026-04-28,22:42:35,-07:00,2026-04-28T22:42:35-07:00,1,16
global.js,141,js,a79a2fb2,Haowen Zhang,2026-04-28,22:42:35,-07:00,2026-04-28T22:42:35-07:00,1,29
global.js,142,js,a79a2fb2,Haowen Zhang,2026-04-28,22:42:35,-07:00,2026-04-28T22:42:35-07:00,2,45
global.js,143,js,a79a2fb2,Haowen Zhang,2026-04-28,22:42:35,-07:00,2026-04-28T22:42:35-07:00,2,5
global.js,144,js,a79a2fb2,Haowen Zhang,2026-04-28,22:42:35,-07:00,2026-04-28T22:42:35-07:00,1,0
global.js,145,js,3ac0693e,Haowen Zhang,2026-04-28,22:37:14,-07:00,2026-04-28T22:37:14-07:00,0,0
global.js,146,js,a79a2fb2,Haowen Zhang,2026-04-28,22:42:35,-07:00,2026-04-28T22:42:35-07:00,1,22
global.js,147,js,a79a2fb2,Haowen Zhang,2026-04-28,22:42:35,-07:00,2026-04-28T22:42:35-07:00,2,43
global.js,148,js,a79a2fb2,Haowen Zhang,2026-04-28,22:42:35,-07:00,2026-04-28T22:42:35-07:00,2,5
global.js,149,js,a79a2fb2,Haowen Zhang,2026-04-28,22:42:35,-07:00,2026-04-28T22:42:35-07:00,1,0
global.js,150,js,3ac0693e,Haowen Zhang,2026-04-28,22:37:14,-07:00,2026-04-28T22:37:14-07:00,0,0
global.js,151,js,a79a2fb2,Haowen Zhang,2026-04-28,22:42:35,-07:00,2026-04-28T22:42:35-07:00,1,25
global.js,152,js,a79a2fb2,Haowen Zhang,2026-04-28,22:42:35,-07:00,2026-04-28T22:42:35-07:00,1,52
global.js,153,js,a79a2fb2,Haowen Zhang,2026-04-28,22:42:35,-07:00,2026-04-28T22:42:35-07:00,1,42
global.js,154,js,a79a2fb2,Haowen Zhang,2026-04-28,22:42:35,-07:00,2026-04-28T22:42:35-07:00,2,72
global.js,155,js,a79a2fb2,Haowen Zhang,2026-04-28,22:42:35,-07:00,2026-04-28T22:42:35-07:00,2,18
global.js,156,js,a79a2fb2,Haowen Zhang,2026-04-28,22:42:35,-07:00,2026-04-28T22:42:35-07:00,1,0
global.js,157,js,3ac0693e,Haowen Zhang,2026-04-28,22:37:14,-07:00,2026-04-28T22:37:14-07:00,0,0
global.js,158,js,a79a2fb2,Haowen Zhang,2026-04-28,22:42:35,-07:00,2026-04-28T22:42:35-07:00,1,16
global.js,159,js,a79a2fb2,Haowen Zhang,2026-04-28,22:42:35,-07:00,2026-04-28T22:42:35-07:00,1,30
global.js,160,js,3ac0693e,Haowen Zhang,2026-04-28,22:37:14,-07:00,2026-04-28T22:37:14-07:00,0,0
global.js,161,js,a79a2fb2,Haowen Zhang,2026-04-28,22:42:35,-07:00,2026-04-28T22:42:35-07:00,1,20
global.js,162,js,a79a2fb2,Haowen Zhang,2026-04-28,22:42:35,-07:00,2026-04-28T22:42:35-07:00,1,29
global.js,163,js,a79a2fb2,Haowen Zhang,2026-04-28,22:42:35,-07:00,2026-04-28T22:42:35-07:00,2,48
global.js,164,js,3ac0693e,Haowen Zhang,2026-04-28,22:37:14,-07:00,2026-04-28T22:37:14-07:00,0,0
global.js,165,js,a79a2fb2,Haowen Zhang,2026-04-28,22:42:35,-07:00,2026-04-28T22:42:35-07:00,2,19
global.js,166,js,a79a2fb2,Haowen Zhang,2026-04-28,22:42:35,-07:00,2026-04-28T22:42:35-07:00,2,49
global.js,167,js,a79a2fb2,Haowen Zhang,2026-04-28,22:42:35,-07:00,2026-04-28T22:42:35-07:00,2,49
global.js,168,js,a79a2fb2,Haowen Zhang,2026-04-28,22:42:35,-07:00,2026-04-28T22:42:35-07:00,2,27
global.js,169,js,d3d22a42,Haowen Zhang,2026-04-28,23:00:13,-07:00,2026-04-28T23:00:13-07:00,2,44
global.js,170,js,a79a2fb2,Haowen Zhang,2026-04-28,22:42:35,-07:00,2026-04-28T22:42:35-07:00,1,0
global.js,171,js,3ac0693e,Haowen Zhang,2026-04-28,22:37:14,-07:00,2026-04-28T22:37:14-07:00,0,0
global.js,172,js,a79a2fb2,Haowen Zhang,2026-04-28,22:42:35,-07:00,2026-04-28T22:42:35-07:00,2,36
global.js,173,js,a79a2fb2,Haowen Zhang,2026-04-28,22:42:35,-07:00,2026-04-28T22:42:35-07:00,1,1
global.js,174,js,a79a2fb2,Haowen Zhang,2026-04-28,22:42:35,-07:00,2026-04-28T22:42:35-07:00,0,0
global.js,175,js,3ac0693e,Haowen Zhang,2026-04-28,22:37:14,-07:00,2026-04-28T22:37:14-07:00,0,0
global.js,176,js,a69d29f6,Haowen Zhang,2026-04-22,14:25:05,-07:00,2026-04-22T14:25:05-07:00,0,0
global.js,177,js,744dbd61,Haowen Zhang,2026-04-23,00:00:26,-07:00,2026-04-23T00:00:26-07:00,0,50
global.js,178,js,744dbd61,Haowen Zhang,2026-04-23,00:00:26,-07:00,2026-04-23T00:00:26-07:00,0,8
global.js,179,js,744dbd61,Haowen Zhang,2026-04-23,00:00:26,-07:00,2026-04-23T00:00:26-07:00,0,84
global.js,180,js,a69d29f6,Haowen Zhang,2026-04-22,14:25:05,-07:00,2026-04-22T14:25:05-07:00,0,0
global.js,181,js,744dbd61,Haowen Zhang,2026-04-23,00:00:26,-07:00,2026-04-23T00:00:26-07:00,0,24
global.js,182,js,744dbd61,Haowen Zhang,2026-04-23,00:00:26,-07:00,2026-04-23T00:00:26-07:00,0,70
global.js,183,js,744dbd61,Haowen Zhang,2026-04-23,00:00:26,-07:00,2026-04-23T00:00:26-07:00,0,6
global.js,184,js,a69d29f6,Haowen Zhang,2026-04-22,14:25:05,-07:00,2026-04-22T14:25:05-07:00,0,0
global.js,185,js,744dbd61,Haowen Zhang,2026-04-23,00:00:26,-07:00,2026-04-23T00:00:26-07:00,0,40
global.js,186,js,744dbd61,Haowen Zhang,2026-04-23,00:00:26,-07:00,2026-04-23T00:00:26-07:00,0,17
global.js,187,js,a69d29f6,Haowen Zhang,2026-04-22,14:25:05,-07:00,2026-04-22T14:25:05-07:00,0,0
global.js,188,js,744dbd61,Haowen Zhang,2026-04-23,00:00:26,-07:00,2026-04-23T00:00:26-07:00,0,20
global.js,189,js,744dbd61,Haowen Zhang,2026-04-23,00:00:26,-07:00,2026-04-23T00:00:26-07:00,0,57
global.js,190,js,744dbd61,Haowen Zhang,2026-04-23,00:00:26,-07:00,2026-04-23T00:00:26-07:00,0,4
global.js,191,js,744dbd61,Haowen Zhang,2026-04-23,00:00:26,-07:00,2026-04-23T00:00:26-07:00,0,2
global.js,192,js,3fa2895f,Haowen Zhang,2026-04-22,23:40:59,-07:00,2026-04-22T23:40:59-07:00,0,0
global.js,193,js,3fa2895f,Haowen Zhang,2026-04-22,23:40:59,-07:00,2026-04-22T23:40:59-07:00,0,0
global.js,194,js,3fa2895f,Haowen Zhang,2026-04-22,23:40:59,-07:00,2026-04-22T23:40:59-07:00,0,47
global.js,195,js,3fa2895f,Haowen Zhang,2026-04-22,23:40:59,-07:00,2026-04-22T23:40:59-07:00,1,59
global.js,196,js,edcd5509,Haowen Zhang,2026-04-22,23:44:10,-07:00,2026-04-22T23:44:10-07:00,0,0
global.js,197,js,edcd5509,Haowen Zhang,2026-04-22,23:44:10,-07:00,2026-04-22T23:44:10-07:00,0,0
resume/index.html,1,html,96123860,Haowen Zhang,2026-04-01,21:32:33,-07:00,2026-04-01T21:32:33-07:00,0,13
resume/index.html,2,html,96123860,Haowen Zhang,2026-04-01,21:32:33,-07:00,2026-04-01T21:32:33-07:00,0,14
resume/index.html,3,html,96123860,Haowen Zhang,2026-04-01,21:32:33,-07:00,2026-04-01T21:32:33-07:00,0,4
resume/index.html,4,html,96123860,Haowen Zhang,2026-04-01,21:32:33,-07:00,2026-04-01T21:32:33-07:00,2,20
resume/index.html,5,html,96123860,Haowen Zhang,2026-04-01,21:32:33,-07:00,2026-04-01T21:32:33-07:00,2,68
resume/index.html,6,html,96123860,Haowen Zhang,2026-04-01,21:32:33,-07:00,2026-04-01T21:32:33-07:00,2,19
resume/index.html,7,html,1ff726cf,Haowen Zhang,2026-04-03,11:04:25,-07:00,2026-04-03T11:04:25-07:00,2,41
resume/index.html,8,html,83543c16,Haowen Zhang,2026-04-14,16:03:57,-07:00,2026-04-14T16:03:57-07:00,2,48
resume/index.html,9,html,96123860,Haowen Zhang,2026-04-01,21:32:33,-07:00,2026-04-01T21:32:33-07:00,0,5
resume/index.html,10,html,96123860,Haowen Zhang,2026-04-01,21:32:33,-07:00,2026-04-01T21:32:33-07:00,0,4
resume/index.html,11,html,96123860,Haowen Zhang,2026-04-01,21:32:33,-07:00,2026-04-01T21:32:33-07:00,0,0
resume/index.html,12,html,937acba6,Haowen Zhang,2026-04-14,18:47:18,-07:00,2026-04-14T18:47:18-07:00,2,8
resume/index.html,13,html,96123860,Haowen Zhang,2026-04-01,21:32:33,-07:00,2026-04-01T21:32:33-07:00,4,30
resume/index.html,14,html,96123860,Haowen Zhang,2026-04-01,21:32:33,-07:00,2026-04-01T21:32:33-07:00,4,43
resume/index.html,15,html,96123860,Haowen Zhang,2026-04-01,21:32:33,-07:00,2026-04-01T21:32:33-07:00,4,41
resume/index.html,16,html,ee9f4e97,Haowen Zhang,2026-04-14,18:32:30,-07:00,2026-04-14T18:32:30-07:00,4,29
resume/index.html,17,html,96123860,Haowen Zhang,2026-04-01,21:32:33,-07:00,2026-04-01T21:32:33-07:00,4,76
resume/index.html,18,html,96123860,Haowen Zhang,2026-04-01,21:32:33,-07:00,2026-04-01T21:32:33-07:00,6,5
resume/index.html,19,html,96123860,Haowen Zhang,2026-04-01,21:32:33,-07:00,2026-04-01T21:32:33-07:00,4,2
resume/index.html,20,html,937acba6,Haowen Zhang,2026-04-14,18:47:18,-07:00,2026-04-14T18:47:18-07:00,2,8
resume/index.html,21,html,96123860,Haowen Zhang,2026-04-01,21:32:33,-07:00,2026-04-01T21:32:33-07:00,0,0
resume/index.html,22,html,e2c92d7b,Haowen Zhang,2026-04-09,23:02:33,-07:00,2026-04-09T23:02:33-07:00,2,28
resume/index.html,23,html,e2c92d7b,Haowen Zhang,2026-04-09,23:02:33,-07:00,2026-04-09T23:02:33-07:00,4,19
resume/index.html,24,html,e2c92d7b,Haowen Zhang,2026-04-09,23:02:33,-07:00,2026-04-09T23:02:33-07:00,4,79
resume/index.html,25,html,e2c92d7b,Haowen Zhang,2026-04-09,23:02:33,-07:00,2026-04-09T23:02:33-07:00,4,24
resume/index.html,26,html,e2c92d7b,Haowen Zhang,2026-04-09,23:02:33,-07:00,2026-04-09T23:02:33-07:00,6,86
resume/index.html,27,html,e2c92d7b,Haowen Zhang,2026-04-09,23:02:33,-07:00,2026-04-09T23:02:33-07:00,4,2
resume/index.html,28,html,e2c92d7b,Haowen Zhang,2026-04-09,23:02:33,-07:00,2026-04-09T23:02:33-07:00,2,7
resume/index.html,29,html,96123860,Haowen Zhang,2026-04-01,21:32:33,-07:00,2026-04-01T21:32:33-07:00,0,0
resume/index.html,30,html,e2c92d7b,Haowen Zhang,2026-04-09,23:02:33,-07:00,2026-04-09T23:02:33-07:00,2,19
resume/index.html,31,html,e2c92d7b,Haowen Zhang,2026-04-09,23:02:33,-07:00,2026-04-09T23:02:33-07:00,4,7
resume/index.html,32,html,e2c92d7b,Haowen Zhang,2026-04-09,23:02:33,-07:00,2026-04-09T23:02:33-07:00,6,16
resume/index.html,33,html,e2c92d7b,Haowen Zhang,2026-04-09,23:02:33,-07:00,2026-04-09T23:02:33-07:00,6,7
resume/index.html,34,html,e2c92d7b,Haowen Zhang,2026-04-09,23:02:33,-07:00,2026-04-09T23:02:33-07:00,8,30
resume/index.html,35,html,e2c92d7b,Haowen Zhang,2026-04-09,23:02:33,-07:00,2026-04-09T23:02:33-07:00,10,19
resume/index.html,36,html,e2c92d7b,Haowen Zhang,2026-04-09,23:02:33,-07:00,2026-04-09T23:02:33-07:00,10,22
resume/index.html,37,html,e2c92d7b,Haowen Zhang,2026-04-09,23:02:33,-07:00,2026-04-09T23:02:33-07:00,8,4
resume/index.html,38,html,e2c92d7b,Haowen Zhang,2026-04-09,23:02:33,-07:00,2026-04-09T23:02:33-07:00,8,25
resume/index.html,39,html,e2c92d7b,Haowen Zhang,2026-04-09,23:02:33,-07:00,2026-04-09T23:02:33-07:00,6,8
resume/index.html,40,html,e2c92d7b,Haowen Zhang,2026-04-09,23:02:33,-07:00,2026-04-09T23:02:33-07:00,4,8
resume/index.html,41,html,96123860,Haowen Zhang,2026-04-01,21:32:33,-07:00,2026-04-01T21:32:33-07:00,0,0
resume/index.html,42,html,e2c92d7b,Haowen Zhang,2026-04-09,23:02:33,-07:00,2026-04-09T23:02:33-07:00,4,7
resume/index.html,43,html,e2c92d7b,Haowen Zhang,2026-04-09,23:02:33,-07:00,2026-04-09T23:02:33-07:00,6,17
resume/index.html,44,html,e2c92d7b,Haowen Zhang,2026-04-09,23:02:33,-07:00,2026-04-09T23:02:33-07:00,6,7
resume/index.html,45,html,e2c92d7b,Haowen Zhang,2026-04-09,23:02:33,-07:00,2026-04-09T23:02:33-07:00,8,30
resume/index.html,46,html,e2c92d7b,Haowen Zhang,2026-04-09,23:02:33,-07:00,2026-04-09T23:02:33-07:00,10,75
resume/index.html,47,html,e2c92d7b,Haowen Zhang,2026-04-09,23:02:33,-07:00,2026-04-09T23:02:33-07:00,10,20
resume/index.html,48,html,e2c92d7b,Haowen Zhang,2026-04-09,23:02:33,-07:00,2026-04-09T23:02:33-07:00,8,4
resume/index.html,49,html,e2c92d7b,Haowen Zhang,2026-04-09,23:02:33,-07:00,2026-04-09T23:02:33-07:00,8,1
resume/index.html,50,html,080f6b2f,Haowen Zhang,2026-04-09,23:10:29,-07:00,2026-04-09T23:10:29-07:00,10,119
resume/index.html,51,html,080f6b2f,Haowen Zhang,2026-04-09,23:10:29,-07:00,2026-04-09T23:10:29-07:00,10,145
resume/index.html,52,html,080f6b2f,Haowen Zhang,2026-04-09,23:10:29,-07:00,2026-04-09T23:10:29-07:00,10,90
resume/index.html,53,html,080f6b2f,Haowen Zhang,2026-04-09,23:10:29,-07:00,2026-04-09T23:10:29-07:00,10,87
resume/index.html,54,html,080f6b2f,Haowen Zhang,2026-04-09,23:10:29,-07:00,2026-04-09T23:10:29-07:00,10,174
resume/index.html,55,html,e2c92d7b,Haowen Zhang,2026-04-09,23:02:33,-07:00,2026-04-09T23:02:33-07:00,8,2
resume/index.html,56,html,e2c92d7b,Haowen Zhang,2026-04-09,23:02:33,-07:00,2026-04-09T23:02:33-07:00,6,8
resume/index.html,57,html,e2c92d7b,Haowen Zhang,2026-04-09,23:02:33,-07:00,2026-04-09T23:02:33-07:00,4,8
resume/index.html,58,html,96123860,Haowen Zhang,2026-04-01,21:32:33,-07:00,2026-04-01T21:32:33-07:00,0,0
resume/index.html,59,html,e2c92d7b,Haowen Zhang,2026-04-09,23:02:33,-07:00,2026-04-09T23:02:33-07:00,4,7
resume/index.html,60,html,e2c92d7b,Haowen Zhang,2026-04-09,23:02:33,-07:00,2026-04-09T23:02:33-07:00,6,15
resume/index.html,61,html,e2c92d7b,Haowen Zhang,2026-04-09,23:02:33,-07:00,2026-04-09T23:02:33-07:00,6,7
resume/index.html,62,html,e2c92d7b,Haowen Zhang,2026-04-09,23:02:33,-07:00,2026-04-09T23:02:33-07:00,8,30
resume/index.html,63,html,e2c92d7b,Haowen Zhang,2026-04-09,23:02:33,-07:00,2026-04-09T23:02:33-07:00,10,56
resume/index.html,64,html,e2c92d7b,Haowen Zhang,2026-04-09,23:02:33,-07:00,2026-04-09T23:02:33-07:00,10,31
resume/index.html,65,html,e2c92d7b,Haowen Zhang,2026-04-09,23:02:33,-07:00,2026-04-09T23:02:33-07:00,8,4
resume/index.html,66,html,e2c92d7b,Haowen Zhang,2026-04-09,23:02:33,-07:00,2026-04-09T23:02:33-07:00,8,1
resume/index.html,67,html,080f6b2f,Haowen Zhang,2026-04-09,23:10:29,-07:00,2026-04-09T23:10:29-07:00,10,119
resume/index.html,68,html,080f6b2f,Haowen Zhang,2026-04-09,23:10:29,-07:00,2026-04-09T23:10:29-07:00,10,145
resume/index.html,69,html,080f6b2f,Haowen Zhang,2026-04-09,23:10:29,-07:00,2026-04-09T23:10:29-07:00,10,90
resume/index.html,70,html,080f6b2f,Haowen Zhang,2026-04-09,23:10:29,-07:00,2026-04-09T23:10:29-07:00,10,87
resume/index.html,71,html,080f6b2f,Haowen Zhang,2026-04-09,23:10:29,-07:00,2026-04-09T23:10:29-07:00,10,174
resume/index.html,72,html,e2c92d7b,Haowen Zhang,2026-04-09,23:02:33,-07:00,2026-04-09T23:02:33-07:00,8,2
resume/index.html,73,html,e2c92d7b,Haowen Zhang,2026-04-09,23:02:33,-07:00,2026-04-09T23:02:33-07:00,8,52
resume/index.html,74,html,e2c92d7b,Haowen Zhang,2026-04-09,23:02:33,-07:00,2026-04-09T23:02:33-07:00,6,8
resume/index.html,75,html,e2c92d7b,Haowen Zhang,2026-04-09,23:02:33,-07:00,2026-04-09T23:02:33-07:00,4,8
resume/index.html,76,html,e2c92d7b,Haowen Zhang,2026-04-09,23:02:33,-07:00,2026-04-09T23:02:33-07:00,2,5
resume/index.html,77,html,96123860,Haowen Zhang,2026-04-01,21:32:33,-07:00,2026-04-01T21:32:33-07:00,0,0
resume/index.html,78,html,96123860,Haowen Zhang,2026-04-01,21:32:33,-07:00,2026-04-01T21:32:33-07:00,0,5
resume/index.html,79,html,96123860,Haowen Zhang,2026-04-01,21:32:33,-07:00,2026-04-01T21:32:33-07:00,0,5
projects/projects.js,1,js,39e81d55,Haowen Zhang,2026-04-22,13:36:55,-07:00,2026-04-22T13:36:55-07:00,0,55
projects/projects.js,2,js,ad1c61b3,Haowen Zhang,2026-05-01,13:23:27,-07:00,2026-05-01T13:23:27-07:00,0,63
projects/projects.js,3,js,157de879,Haowen Zhang,2026-05-01,21:09:05,-07:00,2026-05-01T21:09:05-07:00,0,0
projects/projects.js,4,js,4df0d8f9,Haowen Zhang,2026-05-01,21:12:59,-07:00,2026-05-01T21:12:59-07:00,0,55
projects/projects.js,5,js,39e81d55,Haowen Zhang,2026-04-22,13:36:55,-07:00,2026-04-22T13:36:55-07:00,0,60
projects/projects.js,6,js,4df0d8f9,Haowen Zhang,2026-05-01,21:12:59,-07:00,2026-05-01T21:12:59-07:00,0,55
projects/projects.js,7,js,ad1c61b3,Haowen Zhang,2026-05-01,13:23:27,-07:00,2026-05-01T13:23:27-07:00,0,42
projects/projects.js,8,js,4df0d8f9,Haowen Zhang,2026-05-01,21:12:59,-07:00,2026-05-01T21:12:59-07:00,0,34
projects/projects.js,9,js,af2df94a,Haowen Zhang,2026-05-01,13:32:38,-07:00,2026-05-01T13:32:38-07:00,0,0
projects/projects.js,10,js,4df0d8f9,Haowen Zhang,2026-05-01,21:12:59,-07:00,2026-05-01T21:12:59-07:00,0,13
projects/projects.js,11,js,dfc70b19,Haowen Zhang,2026-05-01,21:56:34,-07:00,2026-05-01T21:56:34-07:00,0,22
projects/projects.js,12,js,173abfd2,Haowen Zhang,2026-05-01,20:31:38,-07:00,2026-05-01T20:31:38-07:00,0,0
projects/projects.js,13,js,dfc70b19,Haowen Zhang,2026-05-01,21:56:34,-07:00,2026-05-01T21:56:34-07:00,0,49
projects/projects.js,14,js,af2df94a,Haowen Zhang,2026-05-01,13:32:38,-07:00,2026-05-01T13:32:38-07:00,0,0
projects/projects.js,15,js,dfc70b19,Haowen Zhang,2026-05-01,21:56:34,-07:00,2026-05-01T21:56:34-07:00,0,27
projects/projects.js,16,js,ad1c61b3,Haowen Zhang,2026-05-01,13:23:27,-07:00,2026-05-01T13:23:27-07:00,1,13
projects/projects.js,17,js,ad1c61b3,Haowen Zhang,2026-05-01,13:23:27,-07:00,2026-05-01T13:23:27-07:00,1,15
projects/projects.js,18,js,39e81d55,Haowen Zhang,2026-04-22,13:36:55,-07:00,2026-04-22T13:36:55-07:00,0,0
projects/projects.js,19,js,dfc70b19,Haowen Zhang,2026-05-01,21:56:34,-07:00,2026-05-01T21:56:34-07:00,0,29
projects/projects.js,20,js,7444e19f,Haowen Zhang,2026-05-01,19:21:37,-07:00,2026-05-01T19:21:37-07:00,1,19
projects/projects.js,21,js,7444e19f,Haowen Zhang,2026-05-01,19:21:37,-07:00,2026-05-01T19:21:37-07:00,0,0
projects/projects.js,22,js,7ac368ed,Haowen Zhang,2026-05-01,22:02:58,-07:00,2026-05-01T22:02:58-07:00,0,36
projects/projects.js,23,js,7ac368ed,Haowen Zhang,2026-05-01,22:02:58,-07:00,2026-05-01T22:02:58-07:00,1,35
projects/projects.js,24,js,dfc70b19,Haowen Zhang,2026-05-01,21:56:34,-07:00,2026-05-01T21:56:34-07:00,2,59
projects/projects.js,25,js,dfc70b19,Haowen Zhang,2026-05-01,21:56:34,-07:00,2026-05-01T21:56:34-07:00,2,42
projects/projects.js,26,js,dfc70b19,Haowen Zhang,2026-05-01,21:56:34,-07:00,2026-05-01T21:56:34-07:00,1,1
projects/projects.js,27,js,7ac368ed,Haowen Zhang,2026-05-01,22:02:58,-07:00,2026-05-01T22:02:58-07:00,0,0
projects/projects.js,28,js,7ac368ed,Haowen Zhang,2026-05-01,22:02:58,-07:00,2026-05-01T22:02:58-07:00,0,0
projects/projects.js,29,js,7ac368ed,Haowen Zhang,2026-05-01,22:02:58,-07:00,2026-05-01T22:02:58-07:00,0,29
projects/projects.js,30,js,7ac368ed,Haowen Zhang,2026-05-01,22:02:58,-07:00,2026-05-01T22:02:58-07:00,1,47
projects/projects.js,31,js,dfc70b19,Haowen Zhang,2026-05-01,21:56:34,-07:00,2026-05-01T21:56:34-07:00,0,0
projects/projects.js,32,js,dfc70b19,Haowen Zhang,2026-05-01,21:56:34,-07:00,2026-05-01T21:56:34-07:00,1,17
projects/projects.js,33,js,7ac368ed,Haowen Zhang,2026-05-01,22:02:58,-07:00,2026-05-01T22:02:58-07:00,2,68
projects/projects.js,34,js,dfc70b19,Haowen Zhang,2026-05-01,21:56:34,-07:00,2026-05-01T21:56:34-07:00,1,0
projects/projects.js,35,js,dfc70b19,Haowen Zhang,2026-05-01,21:56:34,-07:00,2026-05-01T21:56:34-07:00,0,0
projects/projects.js,36,js,7ac368ed,Haowen Zhang,2026-05-01,22:02:58,-07:00,2026-05-01T22:02:58-07:00,1,20
projects/projects.js,37,js,dfc70b19,Haowen Zhang,2026-05-01,21:56:34,-07:00,2026-05-01T21:56:34-07:00,0,0
projects/projects.js,38,js,5a85d683,Haowen Zhang,2026-05-01,21:42:32,-07:00,2026-05-01T21:42:32-07:00,0,0
projects/projects.js,39,js,5a85d683,Haowen Zhang,2026-05-01,21:42:32,-07:00,2026-05-01T21:42:32-07:00,0,38
projects/projects.js,40,js,dfc70b19,Haowen Zhang,2026-05-01,21:56:34,-07:00,2026-05-01T21:56:34-07:00,1,28
projects/projects.js,41,js,5a85d683,Haowen Zhang,2026-05-01,21:42:32,-07:00,2026-05-01T21:42:32-07:00,2,12
projects/projects.js,42,js,4df0d8f9,Haowen Zhang,2026-05-01,21:12:59,-07:00,2026-05-01T21:12:59-07:00,2,12
projects/projects.js,43,js,4df0d8f9,Haowen Zhang,2026-05-01,21:12:59,-07:00,2026-05-01T21:12:59-07:00,2,9
projects/projects.js,44,js,4df0d8f9,Haowen Zhang,2026-05-01,21:12:59,-07:00,2026-05-01T21:12:59-07:00,1,0
projects/projects.js,45,js,af2df94a,Haowen Zhang,2026-05-01,13:32:38,-07:00,2026-05-01T13:32:38-07:00,0,0
projects/projects.js,46,js,dfc70b19,Haowen Zhang,2026-05-01,21:56:34,-07:00,2026-05-01T21:56:34-07:00,1,46
projects/projects.js,47,js,4df0d8f9,Haowen Zhang,2026-05-01,21:12:59,-07:00,2026-05-01T21:12:59-07:00,2,35
projects/projects.js,48,js,4df0d8f9,Haowen Zhang,2026-05-01,21:12:59,-07:00,2026-05-01T21:12:59-07:00,1,1
projects/projects.js,49,js,f5818492,Haowen Zhang,2026-04-22,13:49:31,-07:00,2026-04-22T13:49:31-07:00,0,0
projects/projects.js,50,js,dfc70b19,Haowen Zhang,2026-05-01,21:56:34,-07:00,2026-05-01T21:56:34-07:00,1,35
projects/projects.js,51,js,5a85d683,Haowen Zhang,2026-05-01,21:42:32,-07:00,2026-05-01T21:42:32-07:00,0,0
projects/projects.js,52,js,5a85d683,Haowen Zhang,2026-05-01,21:42:32,-07:00,2026-05-01T21:42:32-07:00,1,29
projects/projects.js,53,js,5a85d683,Haowen Zhang,2026-05-01,21:42:32,-07:00,2026-05-01T21:42:32-07:00,1,30
projects/projects.js,54,js,5a85d683,Haowen Zhang,2026-05-01,21:42:32,-07:00,2026-05-01T21:42:32-07:00,0,0
projects/projects.js,55,js,4df0d8f9,Haowen Zhang,2026-05-01,21:12:59,-07:00,2026-05-01T21:12:59-07:00,1,19
projects/projects.js,56,js,4df0d8f9,Haowen Zhang,2026-05-01,21:12:59,-07:00,2026-05-01T21:12:59-07:00,2,12
projects/projects.js,57,js,4df0d8f9,Haowen Zhang,2026-05-01,21:12:59,-07:00,2026-05-01T21:12:59-07:00,2,11
projects/projects.js,58,js,4df0d8f9,Haowen Zhang,2026-05-01,21:12:59,-07:00,2026-05-01T21:12:59-07:00,2,22
projects/projects.js,59,js,dfc70b19,Haowen Zhang,2026-05-01,21:56:34,-07:00,2026-05-01T21:56:34-07:00,2,32
projects/projects.js,60,js,dfc70b19,Haowen Zhang,2026-05-01,21:56:34,-07:00,2026-05-01T21:56:34-07:00,2,65
projects/projects.js,61,js,dfc70b19,Haowen Zhang,2026-05-01,21:56:34,-07:00,2026-05-01T21:56:34-07:00,2,26
projects/projects.js,62,js,dfc70b19,Haowen Zhang,2026-05-01,21:56:34,-07:00,2026-05-01T21:56:34-07:00,3,64
projects/projects.js,63,js,dfc70b19,Haowen Zhang,2026-05-01,21:56:34,-07:00,2026-05-01T21:56:34-07:00,3,14
projects/projects.js,64,js,dfc70b19,Haowen Zhang,2026-05-01,21:56:34,-07:00,2026-05-01T21:56:34-07:00,2,1
projects/projects.js,65,js,157de879,Haowen Zhang,2026-05-01,21:09:05,-07:00,2026-05-01T21:09:05-07:00,0,0
projects/projects.js,66,js,4df0d8f9,Haowen Zhang,2026-05-01,21:12:59,-07:00,2026-05-01T21:12:59-07:00,1,20
projects/projects.js,67,js,4df0d8f9,Haowen Zhang,2026-05-01,21:12:59,-07:00,2026-05-01T21:12:59-07:00,2,9
projects/projects.js,68,js,4df0d8f9,Haowen Zhang,2026-05-01,21:12:59,-07:00,2026-05-01T21:12:59-07:00,2,9
projects/projects.js,69,js,4df0d8f9,Haowen Zhang,2026-05-01,21:12:59,-07:00,2026-05-01T21:12:59-07:00,2,46
projects/projects.js,70,js,dfc70b19,Haowen Zhang,2026-05-01,21:56:34,-07:00,2026-05-01T21:56:34-07:00,2,60
projects/projects.js,71,js,4df0d8f9,Haowen Zhang,2026-05-01,21:12:59,-07:00,2026-05-01T21:12:59-07:00,2,10
projects/projects.js,72,js,4df0d8f9,Haowen Zhang,2026-05-01,21:12:59,-07:00,2026-05-01T21:12:59-07:00,3,26
projects/projects.js,73,js,4df0d8f9,Haowen Zhang,2026-05-01,21:12:59,-07:00,2026-05-01T21:12:59-07:00,3,30
projects/projects.js,74,js,dfc70b19,Haowen Zhang,2026-05-01,21:56:34,-07:00,2026-05-01T21:56:34-07:00,2,0
projects/projects.js,75,js,dfc70b19,Haowen Zhang,2026-05-01,21:56:34,-07:00,2026-05-01T21:56:34-07:00,2,26
projects/projects.js,76,js,dfc70b19,Haowen Zhang,2026-05-01,21:56:34,-07:00,2026-05-01T21:56:34-07:00,3,54
projects/projects.js,77,js,dfc70b19,Haowen Zhang,2026-05-01,21:56:34,-07:00,2026-05-01T21:56:34-07:00,3,14
projects/projects.js,78,js,dfc70b19,Haowen Zhang,2026-05-01,21:56:34,-07:00,2026-05-01T21:56:34-07:00,2,1
projects/projects.js,79,js,4df0d8f9,Haowen Zhang,2026-05-01,21:12:59,-07:00,2026-05-01T21:12:59-07:00,0,0
projects/projects.js,80,js,157de879,Haowen Zhang,2026-05-01,21:09:05,-07:00,2026-05-01T21:09:05-07:00,0,0
projects/projects.js,81,js,4df0d8f9,Haowen Zhang,2026-05-01,21:12:59,-07:00,2026-05-01T21:12:59-07:00,0,24
projects/projects.js,82,js,7ac368ed,Haowen Zhang,2026-05-01,22:02:58,-07:00,2026-05-01T22:02:58-07:00,1,57
projects/projects.js,83,js,7ac368ed,Haowen Zhang,2026-05-01,22:02:58,-07:00,2026-05-01T22:02:58-07:00,1,43
projects/projects.js,84,js,7ac368ed,Haowen Zhang,2026-05-01,22:02:58,-07:00,2026-05-01T22:02:58-07:00,0,0
projects/projects.js,85,js,7ac368ed,Haowen Zhang,2026-05-01,22:02:58,-07:00,2026-05-01T22:02:58-07:00,1,38
projects/projects.js,86,js,7ac368ed,Haowen Zhang,2026-05-01,22:02:58,-07:00,2026-05-01T22:02:58-07:00,1,55
projects/projects.js,87,js,157de879,Haowen Zhang,2026-05-01,21:09:05,-07:00,2026-05-01T21:09:05-07:00,0,0
projects/projects.js,88,js,7ac368ed,Haowen Zhang,2026-05-01,22:02:58,-07:00,2026-05-01T22:02:58-07:00,1,52
projects/projects.js,89,js,7ac368ed,Haowen Zhang,2026-05-01,22:02:58,-07:00,2026-05-01T22:02:58-07:00,1,37
projects/projects.js,90,js,4df0d8f9,Haowen Zhang,2026-05-01,21:12:59,-07:00,2026-05-01T21:12:59-07:00,0,0
projects/projects.js,91,js,157de879,Haowen Zhang,2026-05-01,21:09:05,-07:00,2026-05-01T21:09:05-07:00,0,0
projects/projects.js,92,js,4df0d8f9,Haowen Zhang,2026-05-01,21:12:59,-07:00,2026-05-01T21:12:59-07:00,0,14
projects/projects.js,93,js,173abfd2,Haowen Zhang,2026-05-01,20:31:38,-07:00,2026-05-01T20:31:38-07:00,0,0
projects/projects.js,94,js,4df0d8f9,Haowen Zhang,2026-05-01,21:12:59,-07:00,2026-05-01T21:12:59-07:00,0,48
projects/projects.js,95,js,4df0d8f9,Haowen Zhang,2026-05-01,21:12:59,-07:00,2026-05-01T21:12:59-07:00,1,25
projects/projects.js,96,js,dfc70b19,Haowen Zhang,2026-05-01,21:56:34,-07:00,2026-05-01T21:56:34-07:00,1,18
projects/projects.js,97,js,dfc70b19,Haowen Zhang,2026-05-01,21:56:34,-07:00,2026-05-01T21:56:34-07:00,1,14
projects/projects.js,98,js,4df0d8f9,Haowen Zhang,2026-05-01,21:12:59,-07:00,2026-05-01T21:12:59-07:00,0,1
projects/index.html,1,html,0adb5689,Haowen Zhang,2026-04-01,21:03:16,-07:00,2026-04-01T21:03:16-07:00,0,13
projects/index.html,2,html,0adb5689,Haowen Zhang,2026-04-01,21:03:16,-07:00,2026-04-01T21:03:16-07:00,0,14
projects/index.html,3,html,0adb5689,Haowen Zhang,2026-04-01,21:03:16,-07:00,2026-04-01T21:03:16-07:00,0,4
projects/index.html,4,html,0adb5689,Haowen Zhang,2026-04-01,21:03:16,-07:00,2026-04-01T21:03:16-07:00,2,20
projects/index.html,5,html,0adb5689,Haowen Zhang,2026-04-01,21:03:16,-07:00,2026-04-01T21:03:16-07:00,2,68
projects/index.html,6,html,0adb5689,Haowen Zhang,2026-04-01,21:03:16,-07:00,2026-04-01T21:03:16-07:00,2,21
projects/index.html,7,html,1ff726cf,Haowen Zhang,2026-04-03,11:04:25,-07:00,2026-04-03T11:04:25-07:00,2,41
projects/index.html,8,html,83543c16,Haowen Zhang,2026-04-14,16:03:57,-07:00,2026-04-14T16:03:57-07:00,2,48
projects/index.html,9,html,39e81d55,Haowen Zhang,2026-04-22,13:36:55,-07:00,2026-04-22T13:36:55-07:00,2,47
projects/index.html,10,html,0adb5689,Haowen Zhang,2026-04-01,21:03:16,-07:00,2026-04-01T21:03:16-07:00,0,5
projects/index.html,11,html,0adb5689,Haowen Zhang,2026-04-01,21:03:16,-07:00,2026-04-01T21:03:16-07:00,0,4
projects/index.html,12,html,0adb5689,Haowen Zhang,2026-04-01,21:03:16,-07:00,2026-04-01T21:03:16-07:00,0,0
projects/index.html,13,html,937acba6,Haowen Zhang,2026-04-14,18:47:18,-07:00,2026-04-14T18:47:18-07:00,2,8
projects/index.html,14,html,0adb5689,Haowen Zhang,2026-04-01,21:03:16,-07:00,2026-04-01T21:03:16-07:00,4,30
projects/index.html,15,html,ee9f4e97,Haowen Zhang,2026-04-14,18:32:30,-07:00,2026-04-14T18:32:30-07:00,4,31
projects/index.html,16,html,0adb5689,Haowen Zhang,2026-04-01,21:03:16,-07:00,2026-04-01T21:03:16-07:00,4,41
projects/index.html,17,html,96123860,Haowen Zhang,2026-04-01,21:32:33,-07:00,2026-04-01T21:32:33-07:00,4,39
projects/index.html,18,html,ef0a2b7e,Haowen Zhang,2026-04-01,21:06:12,-07:00,2026-04-01T21:06:12-07:00,4,76
projects/index.html,19,html,96123860,Haowen Zhang,2026-04-01,21:32:33,-07:00,2026-04-01T21:32:33-07:00,6,5
projects/index.html,20,html,ef0a2b7e,Haowen Zhang,2026-04-01,21:06:12,-07:00,2026-04-01T21:06:12-07:00,4,2
projects/index.html,21,html,937acba6,Haowen Zhang,2026-04-14,18:47:18,-07:00,2026-04-14T18:47:18-07:00,2,8
projects/index.html,22,html,0adb5689,Haowen Zhang,2026-04-01,21:03:16,-07:00,2026-04-01T21:03:16-07:00,0,0
projects/index.html,23,html,3d14a99e,Haowen Zhang,2026-05-01,20:10:05,-07:00,2026-05-01T20:10:05-07:00,2,15
projects/index.html,24,html,7444e19f,Haowen Zhang,2026-05-01,19:21:37,-07:00,2026-05-01T19:21:37-07:00,0,0
projects/index.html,25,html,3d14a99e,Haowen Zhang,2026-05-01,20:10:05,-07:00,2026-05-01T20:10:05-07:00,2,27
projects/index.html,26,html,3a54f600,Haowen Zhang,2026-05-01,20:14:07,-07:00,2026-05-01T20:14:07-07:00,4,58
projects/index.html,27,html,3a54f600,Haowen Zhang,2026-05-01,20:14:07,-07:00,2026-05-01T20:14:07-07:00,4,22
projects/index.html,28,html,f7993500,Haowen Zhang,2026-04-09,22:57:28,-07:00,2026-04-09T22:57:28-07:00,2,4
projects/index.html,29,html,3d14a99e,Haowen Zhang,2026-05-01,20:10:05,-07:00,2026-05-01T20:10:05-07:00,0,0
projects/index.html,30,html,157de879,Haowen Zhang,2026-05-01,21:09:05,-07:00,2026-05-01T21:09:05-07:00,0,0
projects/index.html,31,html,157de879,Haowen Zhang,2026-05-01,21:09:05,-07:00,2026-05-01T21:09:05-07:00,2,4
projects/index.html,32,html,157de879,Haowen Zhang,2026-05-01,21:09:05,-07:00,2026-05-01T21:09:05-07:00,4,15
projects/index.html,33,html,157de879,Haowen Zhang,2026-05-01,21:09:05,-07:00,2026-05-01T21:09:05-07:00,4,11
projects/index.html,34,html,157de879,Haowen Zhang,2026-05-01,21:09:05,-07:00,2026-05-01T21:09:05-07:00,4,26
projects/index.html,35,html,157de879,Haowen Zhang,2026-05-01,21:09:05,-07:00,2026-05-01T21:09:05-07:00,4,33
projects/index.html,36,html,157de879,Haowen Zhang,2026-05-01,21:09:05,-07:00,2026-05-01T21:09:05-07:00,2,0
projects/index.html,37,html,157de879,Haowen Zhang,2026-05-01,21:09:05,-07:00,2026-05-01T21:09:05-07:00,0,0
projects/index.html,38,html,157de879,Haowen Zhang,2026-05-01,21:09:05,-07:00,2026-05-01T21:09:05-07:00,0,0
projects/index.html,39,html,3d14a99e,Haowen Zhang,2026-05-01,20:10:05,-07:00,2026-05-01T20:10:05-07:00,2,26
projects/index.html,40,html,0adb5689,Haowen Zhang,2026-04-01,21:03:16,-07:00,2026-04-01T21:03:16-07:00,0,5
projects/index.html,41,html,0adb5689,Haowen Zhang,2026-04-01,21:03:16,-07:00,2026-04-01T21:03:16-07:00,0,5
meta/index.html,1,html,b9e3191e,Haowen Zhang,2026-05-07,10:39:25,-07:00,2026-05-07T10:39:25-07:00,0,13
meta/index.html,2,html,b9e3191e,Haowen Zhang,2026-05-07,10:39:25,-07:00,2026-05-07T10:39:25-07:00,0,14
meta/index.html,3,html,b9e3191e,Haowen Zhang,2026-05-07,10:39:25,-07:00,2026-05-07T10:39:25-07:00,0,4
meta/index.html,4,html,b9e3191e,Haowen Zhang,2026-05-07,10:39:25,-07:00,2026-05-07T10:39:25-07:00,1,22
meta/index.html,5,html,b9e3191e,Haowen Zhang,2026-05-07,10:39:25,-07:00,2026-05-07T10:39:25-07:00,1,17
meta/index.html,6,html,b9e3191e,Haowen Zhang,2026-05-07,10:39:25,-07:00,2026-05-07T10:39:25-07:00,1,43
meta/index.html,7,html,b9e3191e,Haowen Zhang,2026-05-07,10:39:25,-07:00,2026-05-07T10:39:25-07:00,0,5
meta/index.html,8,html,b9e3191e,Haowen Zhang,2026-05-07,10:39:25,-07:00,2026-05-07T10:39:25-07:00,0,4
meta/index.html,9,html,3ab31b4a,Haowen Zhang,2026-05-07,10:50:28,-07:00,2026-05-07T10:50:28-07:00,1,11
meta/index.html,10,html,3ab31b4a,Haowen Zhang,2026-05-07,10:50:28,-07:00,2026-05-07T10:50:28-07:00,1,61
meta/index.html,11,html,b9e3191e,Haowen Zhang,2026-05-07,10:39:25,-07:00,2026-05-07T10:39:25-07:00,0,0
meta/index.html,12,html,3ab31b4a,Haowen Zhang,2026-05-07,10:50:28,-07:00,2026-05-07T10:50:28-07:00,1,48
meta/index.html,13,html,b9e3191e,Haowen Zhang,2026-05-07,10:39:25,-07:00,2026-05-07T10:39:25-07:00,0,5
meta/index.html,14,html,b9e3191e,Haowen Zhang,2026-05-07,10:39:25,-07:00,2026-05-07T10:39:25-07:00,0,5
contact/index.html,1,html,0adb5689,Haowen Zhang,2026-04-01,21:03:16,-07:00,2026-04-01T21:03:16-07:00,0,13
contact/index.html,2,html,0adb5689,Haowen Zhang,2026-04-01,21:03:16,-07:00,2026-04-01T21:03:16-07:00,0,14
contact/index.html,3,html,0adb5689,Haowen Zhang,2026-04-01,21:03:16,-07:00,2026-04-01T21:03:16-07:00,0,4
contact/index.html,4,html,0adb5689,Haowen Zhang,2026-04-01,21:03:16,-07:00,2026-04-01T21:03:16-07:00,2,20
contact/index.html,5,html,0adb5689,Haowen Zhang,2026-04-01,21:03:16,-07:00,2026-04-01T21:03:16-07:00,2,68
contact/index.html,6,html,0adb5689,Haowen Zhang,2026-04-01,21:03:16,-07:00,2026-04-01T21:03:16-07:00,2,32
contact/index.html,7,html,1ff726cf,Haowen Zhang,2026-04-03,11:04:25,-07:00,2026-04-03T11:04:25-07:00,2,41
contact/index.html,8,html,83543c16,Haowen Zhang,2026-04-14,16:03:57,-07:00,2026-04-14T16:03:57-07:00,2,48
contact/index.html,9,html,0adb5689,Haowen Zhang,2026-04-01,21:03:16,-07:00,2026-04-01T21:03:16-07:00,0,5
contact/index.html,10,html,0adb5689,Haowen Zhang,2026-04-01,21:03:16,-07:00,2026-04-01T21:03:16-07:00,0,4
contact/index.html,11,html,0adb5689,Haowen Zhang,2026-04-01,21:03:16,-07:00,2026-04-01T21:03:16-07:00,0,0
contact/index.html,12,html,937acba6,Haowen Zhang,2026-04-14,18:47:18,-07:00,2026-04-14T18:47:18-07:00,2,8
contact/index.html,13,html,0adb5689,Haowen Zhang,2026-04-01,21:03:16,-07:00,2026-04-01T21:03:16-07:00,4,30
contact/index.html,14,html,0adb5689,Haowen Zhang,2026-04-01,21:03:16,-07:00,2026-04-01T21:03:16-07:00,4,43
contact/index.html,15,html,ee9f4e97,Haowen Zhang,2026-04-14,18:32:30,-07:00,2026-04-14T18:32:30-07:00,4,30
contact/index.html,16,html,96123860,Haowen Zhang,2026-04-01,21:32:33,-07:00,2026-04-01T21:32:33-07:00,4,39
contact/index.html,17,html,ef0a2b7e,Haowen Zhang,2026-04-01,21:06:12,-07:00,2026-04-01T21:06:12-07:00,4,76
contact/index.html,18,html,96123860,Haowen Zhang,2026-04-01,21:32:33,-07:00,2026-04-01T21:32:33-07:00,6,5
contact/index.html,19,html,ef0a2b7e,Haowen Zhang,2026-04-01,21:06:12,-07:00,2026-04-01T21:06:12-07:00,4,2
contact/index.html,20,html,937acba6,Haowen Zhang,2026-04-14,18:47:18,-07:00,2026-04-14T18:47:18-07:00,2,8
contact/index.html,21,html,0adb5689,Haowen Zhang,2026-04-01,21:03:16,-07:00,2026-04-01T21:03:16-07:00,2,0
contact/index.html,22,html,0adb5689,Haowen Zhang,2026-04-01,21:03:16,-07:00,2026-04-01T21:03:16-07:00,2,28
contact/index.html,23,html,96123860,Haowen Zhang,2026-04-01,21:32:33,-07:00,2026-04-01T21:32:33-07:00,0,0
contact/index.html,24,html,96123860,Haowen Zhang,2026-04-01,21:32:33,-07:00,2026-04-01T21:32:33-07:00,2,71
contact/index.html,25,html,96123860,Haowen Zhang,2026-04-01,21:32:33,-07:00,2026-04-01T21:32:33-07:00,4,23
contact/index.html,26,html,96123860,Haowen Zhang,2026-04-01,21:32:33,-07:00,2026-04-01T21:32:33-07:00,4,39
contact/index.html,27,html,96123860,Haowen Zhang,2026-04-01,21:32:33,-07:00,2026-04-01T21:32:33-07:00,0,0
contact/index.html,28,html,96123860,Haowen Zhang,2026-04-01,21:32:33,-07:00,2026-04-01T21:32:33-07:00,4,25
contact/index.html,29,html,96123860,Haowen Zhang,2026-04-01,21:32:33,-07:00,2026-04-01T21:32:33-07:00,4,40
contact/index.html,30,html,96123860,Haowen Zhang,2026-04-01,21:32:33,-07:00,2026-04-01T21:32:33-07:00,0,0
contact/index.html,31,html,96123860,Haowen Zhang,2026-04-01,21:32:33,-07:00,2026-04-01T21:32:33-07:00,4,22
contact/index.html,32,html,96123860,Haowen Zhang,2026-04-01,21:32:33,-07:00,2026-04-01T21:32:33-07:00,4,39
contact/index.html,33,html,96123860,Haowen Zhang,2026-04-01,21:32:33,-07:00,2026-04-01T21:32:33-07:00,0,0
contact/index.html,34,html,96123860,Haowen Zhang,2026-04-01,21:32:33,-07:00,2026-04-01T21:32:33-07:00,4,35
contact/index.html,35,html,96123860,Haowen Zhang,2026-04-01,21:32:33,-07:00,2026-04-01T21:32:33-07:00,2,5
contact/index.html,36,html,96123860,Haowen Zhang,2026-04-01,21:32:33,-07:00,2026-04-01T21:32:33-07:00,0,0
contact/index.html,37,html,96123860,Haowen Zhang,2026-04-01,21:32:33,-07:00,2026-04-01T21:32:33-07:00,1,0
contact/index.html,38,html,96123860,Haowen Zhang,2026-04-01,21:32:33,-07:00,2026-04-01T21:32:33-07:00,0,0
contact/index.html,39,html,0adb5689,Haowen Zhang,2026-04-01,21:03:16,-07:00,2026-04-01T21:03:16-07:00,0,5
contact/index.html,40,html,0adb5689,Haowen Zhang,2026-04-01,21:03:16,-07:00,2026-04-01T21:03:16-07:00,0,5
